file,rung,candidate_id,recipe_id,status,error,model_seed,parameter_count,encoder,paired_head,width,depth,dropout,activation,action_dim,max_actions,overall_improvement,h4_improvement,overall_nrmse,h4_nrmse,worst_condition_improvement,worst_network_improvement,groupcv_folds,action_permutation_degradation,effective_rank_fraction,equal_action_max_abs,swap_antisymmetry_max_abs,peak_vram_mib,p95_batch1_ms,wall_seconds,train_rows,tune_rows,n_train_clusters,n_folds_recorded,model_sha256,corr_mcar,corr_burst,corr_spatial,corr_mnar,corr_min,corr_mean,cond_demand_shock,cond_emergency_vehicle,cond_lane_closure,cond_normal,cond_packet_loss,cond_sensor_delay_noise,net_cologne8,net_moscow,F0_structural,F1_h4_ge_0.05,F2_overall_ge_0.10,F3_permutation_ge_0.05,F5proxy_corruption_pos,F7_resources
R1_m-023c6568a5dc.json,R1,m-023c6568a5dc,r-05cbd60ed1,complete,,88001,48738,gru,antisymmetric,64,1,0.1,silu,8,2,0.11394131961084,-0.0036415905960273,0.9412478529505428,1.0017911791314558,-0.0673503603714138,0.0570483769700054,5,0.2678385032709512,0.1116111874580383,0.0,0.0,88.0,8.154110098257659,2.650059099774808,2400,600,50,5,811d9c4ca9aff63514e3f600e27598a9166f90d99a70abab94daab6adb77d37f,-0.0284561550639956,-0.0330993609201941,-0.0302557221586017,-0.029481954654231,-0.0330993609201941,-0.0303232981992556,0.1221386873820677,0.1490619890888646,0.1022683379614608,0.1477408122913939,0.101897291709281,-0.001434426912025,0.0864004055657778,0.1600858641229961,True,False,True,True,False,True
R1_m-05cd12db3e43.json,R1,m-05cd12db3e43,r-05cbd60ed1,complete,,88001,236098,transformer,direct,96,2,0.1,silu,8,2,0.1286536370620067,-0.0176421818403464,0.9332470379917917,1.0087559513752042,-0.2575892324285498,0.0566627795389275,5,0.3057137828495765,0.0698695555329322,0.0649266093969345,0.1125110685825347,100.0,12.493824935518203,4.25243189977482,2400,600,50,5,e11c0b85d2b3b6071fab7c0ce3777979fc53addcac9a78b265b82cfb96df5876,-0.0306164923737701,-0.032019184099278,-0.0266255731342959,-0.0350316172986324,-0.0350316172986324,-0.0310732167264941,0.1694079800387912,0.17481116501471,0.1159699395090426,0.1722497691365678,0.0948552208226681,-0.0945489448547217,0.0938132497416977,0.1853904045032169,False,False,True,True,False,True
R1_m-0afa94f18f3c.json,R1,m-0afa94f18f3c,r-05cbd60ed1,complete,,88001,14402,tcn,direct,32,2,0.1,gelu,8,2,0.1090663245701561,-0.0132419685003592,0.9437890699587278,1.0065812497606033,-0.0508002790243968,0.0602651994992478,5,0.1812804505959378,0.2563201189041137,0.0232542287558317,0.0309014953672885,88.0,10.895070014521478,8.960134099936113,2400,600,50,5,39f49a11d46cd61d506262893a353e8b6601f0467fba8612e4a1e690a2ac34e7,-0.0280734251047045,-0.0293140771367925,-0.0279351388919351,-0.0287298192753038,-0.0293140771367925,-0.028513115102184,0.1253868313042424,0.1304723186924466,0.0967962254694674,0.1269361990283823,0.1006699662697954,0.049021343950459,0.0895296321083253,0.1420462611341852,False,False,True,True,False,True
R1_m-167b9a8f0975.json,R1,m-167b9a8f0975,r-05cbd60ed1,complete,,88001,103042,gru,shared_branch,96,1,0.0,silu,8,2,0.1292937693425907,-8.9272365366444e-05,0.933007533065746,1.0000287354826312,-0.2305215282406856,0.0538676487957958,5,0.396865963907141,0.0955392941832542,0.0,0.0,90.0,10.87594995042309,3.33674839977175,2400,600,50,5,76cdacfadcb9bed6793e69bad5f23a7e1debde694f43811f168eb455fb31cbc8,-0.0156468606353346,-0.0176798265942264,-0.0136560865150767,-0.0167365648916231,-0.0176798265942264,-0.0159298346590652,0.1550028356889571,0.1728545691425534,0.0981507156703878,0.1770009920715421,0.1102651068882896,-0.0448567042125234,0.0939003541561269,0.1871675357998201,True,False,True,True,False,True
R1_m-17bdc0534018.json,R1,m-17bdc0534018,r-05cbd60ed1,complete,,88001,44578,mlp,shared_branch,64,1,0.0,gelu,8,2,0.1240700286086338,-0.0016949977051051,0.9358329794111258,1.0008093943992695,-0.136095916782678,0.0644223357917372,5,0.3501250875108223,0.1998150199651718,0.0,0.0,88.0,10.680644935928283,3.904831000138074,2400,600,50,5,186154fd06af652f6cbfdaefe4864fedbd73e13342084d95e5131d94eab71f4b,-0.0206870249563877,-0.02582478053141,-0.0246869464228489,-0.0234069943059032,-0.02582478053141,-0.0236514365541374,0.1470063461849471,0.1663086187690772,0.1027335178304177,0.1647479794833368,0.1053661788123733,-0.0394259122655557,0.0929832080578134,0.1756633787016877,True,False,True,True,False,True
R1_m-1d3d20efeb7e.json,R1,m-1d3d20efeb7e,r-05cbd60ed1,complete,,88001,29314,transformer,antisymmetric,32,2,0.0,silu,8,2,0.0952875379712438,-0.0024435062800643,0.9511347772209808,1.0012058391586929,-0.0152008068517877,0.0492808911160983,5,0.1682950642215244,0.1689990758895874,0.0,0.0,90.0,14.77356012910604,5.271509299753234,2400,600,50,5,a72d3c8cd5291373d8236ba22b1f85e7444838dfefd2db0671c2b82ba953089b,-0.0219225207725328,-0.0237038211106754,-0.0198135418119438,-0.0215560708169075,-0.0237038211106754,-0.0217489886280149,0.0965589416604885,0.1129723141298802,0.0852245553307065,0.1168474710579168,0.0952679342419789,0.0463728026147678,0.0748076090333417,0.1303016491434826,True,False,False,True,False,True
R1_m-209166a5751a.json,R1,m-209166a5751a,r-05cbd60ed1,complete,,88001,92482,mlp,antisymmetric,96,2,0.1,gelu,8,2,0.1197520310389765,-0.0046284520820021,0.9381148624551208,1.0022758848072404,-0.194875389795365,0.0571095535846548,5,0.3441926262352056,0.1444774866104126,0.0,0.0,68.0,12.58349997224286,3.8545552000869066,2400,600,50,5,3e41b8c668f3fccd2e40b76ad045d7f3cb39607f2fda6f4821003779f13c994c,-0.03078943704201,-0.0329443177018846,-0.030670592398768,-0.0316637215429032,-0.0329443177018846,-0.0315170171713914,0.1448211960242941,0.1621494884120297,0.0994303954086418,0.1651928700062825,0.1040756746746695,-0.0764424830937499,0.0907454797862924,0.1680254954886073,True,False,True,True,False,True
R1_m-21d7d32c1289.json,R1,m-21d7d32c1289,r-05cbd60ed1,complete,,88001,75106,tcn,shared_branch,96,1,0.1,gelu,8,2,0.1292150147137617,-0.0041236438336895,0.9330905428970157,1.0020224461894247,-0.2326186620360566,0.0594781370007516,5,0.4192446709905554,0.1076505556702613,0.0,0.0,90.0,11.145154992118478,4.114417300093919,2400,600,50,5,2dcc20b4bef0764f082440bc3a4b167421206ae6e308f7c9cc6a2ea3a1c0fe3c,-0.0231737105728064,-0.0214495181998577,-0.0230737204288509,-0.0256824633854708,-0.0256824633854708,-0.0233448531467465,0.167728492649754,0.1657257352756114,0.1044718400179437,0.1715008469474429,0.0993808103713547,-0.0431847103790266,0.0958942832782711,0.1842143244309307,True,False,True,True,False,True
R1_m-252ed6fedd71.json,R1,m-252ed6fedd71,r-05cbd60ed1,complete,,88001,103810,tcn,antisymmetric,96,2,0.0,silu,8,2,0.1293980726839838,-0.0029206917999212,0.932963578736672,1.0014360037106975,-0.1731466569855979,0.0649520876969473,5,0.3592833148230174,0.1051523983478546,0.0,0.0,72.0,8.513624907936899,11.172521299682558,2400,600,50,5,44b439e75175f09a69917e81028c13b9a9a3fc6adb2ec4706eb7b9c07b756a20,-0.0163529143730931,-0.0180287079965553,-0.017661826354542,-0.0180863072913715,-0.0180863072913715,-0.0175324390038905,0.1542937916764707,0.1659163756940665,0.1069851350530462,0.1675103632091692,0.1110497189465174,-0.0130418205945162,0.097965765164841,0.1819622330544865,True,False,True,True,False,True
R1_m-2d78cf1af11b.json,R1,m-2d78cf1af11b,r-05cbd60ed1,complete,,88001,141250,transformer,shared_branch,96,1,0.0,gelu,8,2,0.140844399409938,-0.0002748945053469,0.9267952101038794,1.0001209796390338,-0.1669910783015489,0.0719022027104231,5,0.3700752336129922,0.0907348170876503,0.0,0.0,92.0,14.559304947033514,4.742460000095889,2400,600,50,5,a50c5e0e2b907a7bc3c5619846ba86b50ecbd09af46ff91dc674c0376f54a023,-0.0087077072012966,-0.0128669856941863,-0.0100493021805543,-0.0155567216014769,-0.0155567216014769,-0.0117951791693785,0.1710075032912218,0.174918169343219,0.1136799762225854,0.1773466296303563,0.1230157888967871,-0.0027090941088174,0.101956575259917,0.204214687094849,True,False,True,True,False,True
R1_m-2ec290c9c919.json,R1,m-2ec290c9c919,r-05cbd60ed1,complete,,88001,65506,transformer,shared_branch,64,1,0.1,silu,8,2,0.1219237894078893,-0.0030586674519957,0.9369018217790864,1.0014948895714262,-0.1839074549024841,0.0449095024647441,5,0.3840719499588566,0.1202300712466239,0.0,0.0,92.0,14.743415010161696,4.313496100017801,2400,600,50,5,349e368f90060dd79d672924bf527b653bd0ca661125ab1d4739301d467f325a,-0.0255769860768075,-0.0226062502556327,-0.0257521414208883,-0.0246545772964474,-0.0257521414208883,-0.024647488762444,0.156446656766083,0.1673688279564392,0.1003023284361672,0.1702196559983571,0.1010765771298135,-0.1071725955286577,0.0894939103426215,0.1749785789756079,True,False,True,True,False,True
R1_m-31d1827937ce.json,R1,m-31d1827937ce,r-05cbd60ed1,complete,,88001,18690,transformer,antisymmetric,32,1,0.1,gelu,8,2,0.0932025897743805,-0.0020660260068375,0.95223344712855,1.0010192770739903,-0.0085094677147028,0.0488084638184829,5,0.160082969419488,0.176264002919197,0.0,0.0,88.0,7.918404985684901,2.787329100072384,2400,600,50,5,26b857a6d55055fb8ae7e81d286f2735fbfbd377839e905b9ea2027a6d106b55,-0.0198028002348498,-0.024799387843599,-0.0180371570334563,-0.0192777441021463,-0.024799387843599,-0.0204792723035128,0.0935468532191124,0.1099840503592171,0.0850653626972871,0.1135557191152138,0.091431454631195,0.0515669607339595,0.0732962334871539,0.1270935954455623,True,False,False,True,False,True
R1_m-32f594f9afbc.json,R1,m-32f594f9afbc,r-05cbd60ed1,complete,,88001,48226,tcn,shared_branch,64,2,0.1,gelu,8,2,0.1193510253476399,-0.0043305467531185,0.9383211981743624,1.0021189461039346,-0.1748908231784474,0.0526911149220972,5,0.3527271478369982,0.1853494048118591,0.0,0.0,70.0,15.228155045770103,14.24013809976168,2400,600,50,5,079a8d6c0248db74ccc5603e5d1e2670f4bf53af735093575269c7d90d6cc3ce,-0.0333971842372224,-0.0369878761034954,-0.0358518502825255,-0.0403129514954991,-0.0403129514954991,-0.0366374655296856,0.1440063114419377,0.1637584263106018,0.1013840586258623,0.1636656863813831,0.0968399543169483,-0.0671029232591745,0.0893162459817657,0.1694723055650523,True,False,True,True,False,True
R1_m-33159a09ba2a.json,R1,m-33159a09ba2a,r-05cbd60ed1,complete,,88001,104578,gru,direct,96,1,0.0,gelu,8,2,0.1224767671923882,-0.0199227962995716,0.9366048156031364,1.0098760255624195,-0.2301175970803994,0.0582870133808934,5,0.3142669862475832,0.0993330851197242,0.0611882209777832,0.0915965810418129,102.0,12.98171014059335,4.0812029000371695,2400,600,50,5,6c832f6200e1b9c203132de78297ee23e3498a0a0fd1c3c0e7efe28f91392044,-0.0423681248163452,-0.042044651821101,-0.0373232546652677,-0.0478651718272498,-0.0478651718272498,-0.0424003007824909,0.1629383620649936,0.172525952964017,0.1009885926538719,0.1660032455670937,0.0928478847278528,-0.0922864827205685,0.0902932087196885,0.1756112000822206,False,False,True,True,False,True
R1_m-33959483a866.json,R1,m-33959483a866,r-05cbd60ed1,complete,,88001,103042,gru,shared_branch,96,1,0.1,silu,8,2,0.1266286873317343,-0.0016398889316728,0.9344304896406668,1.0008008101912984,-0.223225532100687,0.0490686943825368,5,0.3946850739757993,0.0961552187800407,0.0,0.0,90.0,12.195299833547324,4.24451609980315,2400,600,50,5,b4d125e2bbe82c2fa3c1a32859e15ed06de39af03783a917eac49d0e94018227,-0.0219573424732115,-0.0176772251070853,-0.0187268908202349,-0.021275695690311,-0.0219573424732115,-0.0199092885227107,0.1519320703949752,0.1715863773270292,0.0982533560223764,0.1754021066749356,0.1061336048815504,-0.0555867150225561,0.092424048374982,0.1828881785639298,True,False,True,True,False,True
R1_m-33a7ca0821c8.json,R1,m-33a7ca0821c8,r-05cbd60ed1,complete,,88001,49250,tcn,direct,64,2,0.0,silu,8,2,0.1227994805375868,-0.0170467984239687,0.9363991351918528,1.0084447288197684,-0.1797111261282034,0.0481856379095951,5,0.2961968018461879,0.1676889806985855,0.0384106114506721,0.0600486770272254,70.0,13.834949990268797,14.289500400191171,2400,600,50,5,bab307d2f14f4d78359981bd20c13eeccb30a0492b0719c1ea985b40c652474b,-0.0374722994563287,-0.0437497346562474,-0.0427517505209267,-0.0428949821244812,-0.0437497346562474,-0.041717191689496,0.1528072637027532,0.1623080561738013,0.111093253544664,0.160650857700194,0.1015532901280592,-0.0563302311640889,0.091542859658288,0.1758864371386075,False,False,True,True,False,True
R1_m-341bbd30e225.json,R1,m-341bbd30e225,r-05cbd60ed1,complete,,88001,36770,tcn,direct,64,1,0.0,gelu,8,2,0.1273069109555544,-0.0131543539233642,0.9339753423537192,1.006508329498055,-0.1566071644206106,0.0570022041611411,5,0.29198139863752,0.1489724218845367,0.0478843711316585,0.0563753433525562,88.0,12.411354994401336,4.111879400210455,2400,600,50,5,20ada9f36127c2ebad707262a908058e918f01cc43e19598d021624cd54a397f,-0.0396768655530093,-0.0403451185813952,-0.0421202618532137,-0.0397015267885438,-0.0421202618532137,-0.0404609431940405,0.1590053332436951,0.1667643514682507,0.115895347652446,0.1638976331066738,0.1037939613538489,-0.0450586822159766,0.0956890593683167,0.1803721198383905,False,False,True,True,False,True
R1_m-34201a1c5918.json,R1,m-34201a1c5918,r-05cbd60ed1,complete,,88001,29570,transformer,direct,32,2,0.1,gelu,8,2,0.1057330395064728,-0.0107798403850143,0.9456044108860296,1.0053425398907996,-0.0129381265454315,0.0599907900498983,5,0.166038671264429,0.1350607722997665,0.0240937285125255,0.0394355244934558,70.0,13.685475091915576,4.263852999778464,2400,600,50,5,2d99ab29857e5e00e62455bf273f29dd64a05fe6eae9f7fffe3fc028d1a80eca,-0.029870776794886,-0.0302678842480728,-0.0301178178590397,-0.0309685842400251,-0.0309685842400251,-0.0303062657855059,0.1219631444775085,0.1240204584155931,0.095571852217934,0.1224881448168114,0.0961587220612178,0.0492136673490295,0.0886328504669287,0.1357236870690139,False,False,True,True,False,True
R1_m-370cab3d4b82.json,R1,m-370cab3d4b82,r-05cbd60ed1,complete,,88001,36258,tcn,antisymmetric,64,1,0.1,silu,8,2,0.1178247526207891,-0.0043851269672464,0.9391497458026108,1.002157729189189,-0.1011388160183799,0.0542567162304462,5,0.301626258780499,0.1457187831401825,0.0,0.0,88.0,13.54242502711713,4.57114029978402,2400,600,50,5,81f9bae86b1fa2790ee5af0b699046ae28f412baa357e928eb2f30633655943d,-0.0333233024074137,-0.0301673272304106,-0.03269030250308,-0.034669498923842,-0.034669498923842,-0.0327126077661866,0.130156533570534,0.155609415695512,0.1024545152931309,0.1537003501962223,0.1059454303038116,-0.0136995008724629,0.0902398600202001,0.1641770393716636,True,False,True,True,False,True
R1_m-37ecfeb87e50.json,R1,m-37ecfeb87e50,r-05cbd60ed1,complete,,88001,49378,mlp,antisymmetric,64,2,0.0,silu,8,2,0.1163432813187162,-0.0030537426135849,0.9399545034741502,1.0014956202962932,-0.0835272997469618,0.0541205711696874,5,0.283694722096697,0.1882630288600921,0.0,0.0,88.0,10.971579956822096,3.2766136000864208,2400,600,50,5,1ae3e39950f2fa5431b902dc2a92c8b6550d41a00810ebc530fc9fbf16a3805d,-0.031564623665454,-0.0307714891633885,-0.0264980532341665,-0.0312145471358822,-0.031564623665454,-0.0300121782997228,0.1294631374165171,0.1519960543489697,0.1021219265235415,0.1526067495941359,0.1030629444386358,-0.0135422525752863,0.0875811588528811,0.1641231714592677,True,False,True,True,False,True
R1_m-393f58cc75db.json,R1,m-393f58cc75db,r-05cbd60ed1,complete,,88001,29058,transformer,shared_branch,32,2,0.0,gelu,8,2,0.1090742939541212,-0.0025094542799692,0.9438686132908308,1.0012337126666555,-0.0277490267147766,0.0659244296709903,5,0.2316930953015196,0.1282489895820617,0.0,0.0,90.0,14.026040025055403,5.277071999851614,2400,600,50,5,a242c27b3a7a11146c1536a93db22ad8c151a29618185324dd7c90b93b5ffff7,-0.0258341636053962,-0.0274759638501114,-0.017346170783667,-0.0245821274021307,-0.0274759638501114,-0.0238096064103263,0.1173377067067431,0.1327605418638018,0.1015614414003355,0.1407008033564348,0.0964325157109385,0.022255145731608,0.0849724810929111,0.1503221863071822,True,False,True,True,False,True
R1_m-39a8d671864f.json,R1,m-39a8d671864f,r-05cbd60ed1,complete,,88001,29058,transformer,shared_branch,32,2,0.1,gelu,8,2,0.1066415571602718,-0.0017077817987018,0.9451545069455476,1.0008353235387648,-0.0343122352479541,0.06251008709628,5,0.2256257197948419,0.128179982304573,0.0,0.0,90.0,13.22080489480868,3.996083700330928,2400,600,50,5,e8f229835b05d2c2104a158046c62a10c6516c7af00b285f81547f43d176e1ec,-0.023893198905265,-0.0229482222651047,-0.0156233635471842,-0.0224421749407024,-0.023893198905265,-0.0212267399145641,0.1138486608840039,0.1309155656903808,0.0996395371356439,0.1372705372686345,0.0958286910027154,0.0178311322470783,0.0823550499916079,0.1481889378133062,True,False,True,True,False,True
R1_m-40baf05fcce1.json,R1,m-40baf05fcce1,r-05cbd60ed1,complete,,88001,160450,gru,direct,96,2,0.1,silu,8,2,0.1237388926118191,-0.0160903779017652,0.9358637795677718,1.0079641976957698,-0.2897774202341754,0.0418529035723796,5,0.3242225902069637,0.0868184566497802,0.0503033846616745,0.0748430788516998,90.0,14.382120058871802,4.402215600013733,2400,600,50,5,720409d195c21d6b6801729ac7c6a325ebc6f27e4416281386ecffc5836f98da,-0.0419661543978964,-0.0378636935489185,-0.0429147450416707,-0.0433618237750306,-0.0433618237750306,-0.041526604190879,0.167046893588424,0.1714865719516382,0.1067427069966416,0.1659777708631585,0.0942055426364757,-0.1050245782214047,0.0898014330242969,0.1797011752988013,False,False,True,True,False,True
R1_m-4170eff5a849.json,R1,m-4170eff5a849,r-05cbd60ed1,complete,,88001,66530,transformer,direct,64,1,0.0,silu,8,2,0.1270055832670385,-0.0147749689971526,0.9341307221769236,1.007319168114132,-0.1586210430541956,0.0552414664427876,5,0.2944446483766146,0.1230934560298919,0.0496426187455654,0.0665663331747055,90.0,11.4361900719814,4.413687500171363,2400,600,50,5,9e547618508c32d332d8591ac6c6244a535507e7bb5f5b9d481ba9c905435a2f,-0.0424710723222254,-0.0434203862556854,-0.0447089889896548,-0.039990754722327,-0.0447089889896548,-0.0426478005724731,0.1590749114906274,0.1646679584402149,0.114827739231974,0.1671908449945604,0.1019440180908046,-0.0548709590780815,0.0979118942591236,0.1752007098412095,False,False,True,True,False,True
R1_m-45998a000855.json,R1,m-45998a000855,r-05cbd60ed1,complete,,88001,236098,transformer,direct,96,2,0.0,gelu,8,2,0.1348740825186531,-0.0181079551176568,0.9299310488087792,1.0089771897791648,-0.1983275540012217,0.0675504404257417,5,0.2934729642223649,0.0748898461461067,0.0634887218475341,0.1092848926782608,98.0,14.002505026292054,4.80611989996396,2400,600,50,5,2fc696e10e3fc1ce0aa4b12b2e1160ae751bd62c01d6d83e87e45a9e743c1744,-0.0408816996180925,-0.0393043639796464,-0.0327454679720597,-0.0476000821932158,-0.0476000821932158,-0.0401329034407536,0.1758838494117403,0.1757318536648953,0.120103673353369,0.1735363659456164,0.1048153640101422,-0.0602490408873924,0.1010754603194534,0.18979873178433,False,False,True,True,False,True
R1_m-4850dbb21590.json,R1,m-4850dbb21590,r-05cbd60ed1,complete,,88001,76642,tcn,direct,96,1,0.1,gelu,8,2,0.1250025979655079,-0.0198065914037827,0.935226732362682,1.009794049648482,-0.2196326277911278,0.0537402360102589,5,0.3011910246210578,0.1138683781027793,0.0743483752012252,0.123238705098629,90.0,10.979960020631548,3.4433666996192187,2400,600,50,5,8ea9a4c0394792c6a5398c13408069fed1948ce810d96e477194f8d240dfedd0,-0.0451556854683403,-0.0453059399275856,-0.0524222604144468,-0.0514191764193232,-0.0524222604144468,-0.048575765557424,0.1729043062135783,0.1687822224790089,0.1090227383210556,0.1667579311935682,0.083267903230859,-0.0779831291813902,0.0903815510266784,0.1824482977616381,False,False,True,True,False,True
R1_m-49b072af5e16.json,R1,m-49b072af5e16,r-05cbd60ed1,complete,,88001,107746,transformer,antisymmetric,64,2,0.1,gelu,8,2,0.122077949072538,-0.0048319974000034,0.9368825304950328,1.0023844362836427,-0.1082392062334067,0.0593017662443706,5,0.302793673315882,0.1009557768702507,0.0,0.0,94.0,14.48910993058234,4.224158999975771,2400,600,50,5,378f98008347e054122c580b2f8a030181535c92f9c6c10eabf8271f099ec0c4,-0.0307596853938718,-0.0283574579411352,-0.0305009101236182,-0.0308642044130074,-0.0308642044130074,-0.0301205644679081,0.1367867884738981,0.1585268312498937,0.1080586769402236,0.1552789718988407,0.1110360701721084,-0.0144273651679892,0.0929624665198587,0.1706971925568421,True,False,True,True,False,True
R1_m-573aa9a5f026.json,R1,m-573aa9a5f026,r-05cbd60ed1,complete,,88001,142786,transformer,direct,96,1,0.1,gelu,8,2,0.1291515395538049,-0.0157369987087998,0.9330141487816592,1.0078003556727952,-0.2672018752776262,0.0567406327805442,5,0.295719488871758,0.083855889737606,0.0565217696130275,0.0956044420599937,94.0,11.305564956273884,3.934153599664569,2400,600,50,5,27bdd5d3b0ea53c3cc9e860bfd164ef0074422ccf0a8f62d8f9d361a8d304882,-0.0414215960587225,-0.0436877329676188,-0.0418202418506874,-0.0460284531918715,-0.0460284531918715,-0.043239506017225,0.1659781468771846,0.1797360231281755,0.1126356030857858,0.1707299936542535,0.1000773414815408,-0.0839032455509211,0.0964190197132597,0.1830271770534721,False,False,True,True,False,True
R1_m-5fc94eb7da8d.json,R1,m-5fc94eb7da8d,r-05cbd60ed1,complete,,88001,29314,transformer,antisymmetric,32,2,0.1,gelu,8,2,0.0947288731129063,-0.0009632367016128,0.9514288666434324,1.000470447254021,-0.0075670850468381,0.0495924740997445,5,0.1652266752502553,0.1790690869092941,0.0,0.0,90.0,13.88643004465848,4.544510900042951,2400,600,50,5,a216c217ad742597ec340342f5a6991343d312ef355521519401c10884d8db5f,-0.0165524038855549,-0.0168049260858647,-0.0133021795658312,-0.0169564175755998,-0.0169564175755998,-0.0159039817782126,0.095434890462864,0.1113506638792375,0.0855438682167723,0.1156815133665539,0.0939769765715824,0.0513042039757594,0.0745607892889651,0.1292477395191119,True,False,False,True,False,True
R1_m-5fc9bfd56138.json,R1,m-5fc9bfd56138,r-05cbd60ed1,complete,,88001,104578,gru,direct,96,1,0.1,gelu,8,2,0.1193635414348723,-0.0208015584270611,0.938245443830742,1.0103137443405932,-0.2340695617637167,0.0489527300369642,5,0.3164291964613516,0.102175585925579,0.0590479671955108,0.0892836526036262,90.0,10.125274932943285,2.509929500054568,2400,600,50,5,99a8c93f8eb2a54438822b3cb263a95e748b4edd2d1a54e11d78f8bc6b72d5e1,-0.0441781882037413,-0.038757805163047,-0.037731421262487,-0.0477612683960912,-0.0477612683960912,-0.0421071707563416,0.1624135281005871,0.1689188389883149,0.0988588484756429,0.1629178818760443,0.090896542121,-0.108863583880987,0.0866352470393418,0.1732110262121806,False,False,True,True,False,True
R1_m-6d253ca36751.json,R1,m-6d253ca36751,r-05cbd60ed1,complete,,88001,17442,mlp,antisymmetric,32,1,0.0,gelu,8,2,0.0922050617227427,-0.0023913051506453,0.952762546602256,1.0011781329760132,-0.0195728184864285,0.0507493498302944,5,0.1579212150411132,0.2746298909187317,0.0,0.0,66.0,14.116944931447504,4.324538700282574,2400,600,50,5,f4bf11223f8fca6f31cdf16720ad5dca67157cc9416f08afc8d1171510af87f3,-0.0203225459973777,-0.0200994017122888,-0.0222856220088563,-0.0209484843296752,-0.0222856220088563,-0.0209140135120495,0.0899174013928563,0.1106969542385688,0.0834535033334924,0.1118624034777968,0.0928579666463012,0.0476277089328013,0.0741820046144881,0.1232751209712009,True,False,False,True,False,True
R1_m-6dfc56db5077.json,R1,m-6dfc56db5077,r-05cbd60ed1,complete,,88001,49250,gru,direct,64,1,0.1,gelu,8,2,0.1243500433495367,-0.0154376064089002,0.9355889460762729,1.0076552823357992,-0.1528710078093065,0.0604224297244327,5,0.2534856135271172,0.1157595068216323,0.0430056601762771,0.0651667788624763,88.0,13.720904942601909,4.186065600253642,2400,600,50,5,6d9a0f15537931a3272ccda610b0edb8b9ef108b1af3c74e6c3afc51030d0ff7,-0.0358834326101447,-0.0387166887372569,-0.0399492593854924,-0.0336857085192017,-0.0399492593854924,-0.0370587723130239,0.1570523835936724,0.1583881646165825,0.1168716840327449,0.154624450228957,0.1005698631109452,-0.0265704493831921,0.0971737250610965,0.1697481352433754,False,False,True,True,False,True
R1_m-820c8a3f6eba.json,R1,m-820c8a3f6eba,r-05cbd60ed1,complete,,88001,17698,mlp,direct,32,1,0.0,silu,8,2,0.108213559789085,-0.0124031414550132,0.944242449465604,1.006161332220887,-0.0473489356084544,0.0544977459011045,5,0.1815231186648751,0.2524916529655456,0.0228215605020523,0.0320227034389972,86.0,9.920329973101616,3.75276489998214,2400,600,50,5,0de8dbab297c95338bec8bd55d0329b68d30510b14fd46d652a05059c2355e44,-0.0294208420970452,-0.0300674897593979,-0.0284722054791692,-0.0300177611756371,-0.0300674897593979,-0.0294945746278124,0.1223366357910348,0.1274080515717578,0.0999165767608319,0.1288978915468815,0.0999637338899989,0.0406940717213178,0.0890453582117454,0.1406724614577927,False,False,True,True,False,True
R1_m-8702027339db.json,R1,m-8702027339db,r-05cbd60ed1,complete,,88001,103810,gru,antisymmetric,96,1,0.1,silu,8,2,0.1229565966690074,-0.0032146658314289,0.9364039656859416,1.0015703541032652,-0.1157973992704686,0.0523268872899657,5,0.341261386580531,0.0926840305328369,0.0,0.0,90.0,12.270529894158244,3.826670799870044,2400,600,50,5,73a499a4da362ddd97ba0a57a2923d9510ef4777ed6ff31f33440e46978e0ea7,-0.0309392376900188,-0.029706669638589,-0.0336234329580302,-0.034597792916486,-0.034597792916486,-0.032216783300781,0.1433018070814629,0.1637974366849345,0.1048018051313882,0.162502984147831,0.1034301197114368,-0.0245416852803378,0.0906252755577025,0.1769692060801945,True,False,True,True,False,True
R1_m-8a2cdaf6658d.json,R1,m-8a2cdaf6658d,r-05cbd60ed1,complete,,88001,108258,transformer,direct,64,2,0.0,gelu,8,2,0.1275902485340179,-0.0154598121646297,0.933830060610779,1.0076537180937957,-0.1582178696143001,0.0577492476862463,5,0.2890305451297477,0.0906731709837913,0.0450351275503635,0.0667294263839721,94.0,12.29601992527023,3.911823099944741,2400,600,50,5,39d9fab1b1fd062dc3788f318a2a47c9c2c14ea8724af8dceb9a24ef2539a782,-0.0452466483369917,-0.0457338323116764,-0.0468896652155004,-0.0431383500442417,-0.0468896652155004,-0.0452521239771026,0.1611065393628101,0.1640368922405056,0.1179258045180709,0.164118675104137,0.1015621055766265,-0.0496172753991105,0.0993926296125549,0.1745913266364105,False,False,True,True,False,True
R1_m-8db713a4c485.json,R1,m-8db713a4c485,r-05cbd60ed1,complete,,88001,103042,gru,shared_branch,96,1,0.1,gelu,8,2,0.1280372582919985,-0.0015362043594979,0.9336856537535866,1.0007458263886395,-0.1677257407985068,0.051745548838742,5,0.3848370334250034,0.102677397429943,0.0,0.0,102.0,12.482385081239045,4.373431500047445,2400,600,50,5,752d3bbca19fefce800f868e51e47584a3cd242cfdcd29335e6d06574c3894ca,-0.0244883038142793,-0.0203828136891899,-0.0229483141018835,-0.0250227121883719,-0.0250227121883719,-0.0232105359484312,0.1530756899821813,0.1692244734248003,0.1034918327923331,0.1754666088867252,0.1035557610031424,-0.0370277459386769,0.0950477201355703,0.1825830502759371,True,False,True,True,False,True
R1_m-8dcafff2218a.json,R1,m-8dcafff2218a,r-05cbd60ed1,complete,,88001,49250,gru,direct,64,1,0.0,silu,8,2,0.1239196124815031,-0.0151035009357506,0.935810750055561,1.0074816751136484,-0.1627967209214125,0.0569323244631777,5,0.2664976539176132,0.1054626703262329,0.044536255300045,0.0637586489319801,88.0,8.052939979825167,2.784147399943322,2400,600,50,5,fd162b767f6c9ee46f8f27a0b393024fca65cca30cb74934d0427ef40be4076f,-0.0425964172127273,-0.0401051140000063,-0.043056225007003,-0.0386554620607642,-0.043056225007003,-0.0411033045701252,0.1553605989022966,0.1585695580974334,0.1180539894847822,0.1570663406799823,0.098982562784181,-0.0352645502975335,0.0953006237552067,0.1713515199265489,False,False,True,True,False,True
R1_m-93db8d5ed69a.json,R1,m-93db8d5ed69a,r-05cbd60ed1,complete,,88001,91714,mlp,shared_branch,96,2,0.1,gelu,8,2,0.1245636513057101,-0.0026486774766434,0.9355376623153252,1.0012979983201642,-0.2188885653152916,0.0521336077200388,5,0.3834660759109878,0.1618138700723648,0.0,0.0,88.0,8.476600155699996,2.655960900010541,2400,600,50,5,a67c0ded368cd822b6e87498209fef9642435d09d5ba23942e977fcbf2bb477e,-0.0276488442602973,-0.0269533267306176,-0.0213481948229889,-0.0272218372028743,-0.0276488442602973,-0.0257930507541945,0.1590321215884096,0.1652191074097177,0.0968981760200018,0.1709629069842718,0.1117052492568744,-0.0940930426176227,0.0916815824846996,0.1788522381288502,True,False,True,True,False,True
R1_m-9500813e9009.json,R1,m-9500813e9009,r-05cbd60ed1,complete,,88001,49250,gru,direct,64,1,0.1,silu,8,2,0.1233440725420289,-0.0155206213013886,0.93611081284917,1.0076936739241396,-0.1585560240765937,0.0554908322224531,5,0.2640637186798747,0.107245922088623,0.0431844592094421,0.0632717534899711,88.0,13.27558004995808,4.14745320007205,2400,600,50,5,9ec5a39375cfe509853586fc4fb55d9a655b796f606f228b4d8b1fb717d33905,-0.0381284512316428,-0.0399980821662666,-0.0414792645436268,-0.0367116540947587,-0.0414792645436268,-0.0390793630090737,0.1547219955875385,0.1585235078185317,0.1168836180013832,0.1556778100935985,0.0999018038193437,-0.0356967343041958,0.0948836280760309,0.1705764055246991,False,False,True,True,False,True
R1_m-9919a5db1b9a.json,R1,m-9919a5db1b9a,r-05cbd60ed1,complete,,88001,65506,transformer,shared_branch,64,1,0.0,silu,8,2,0.1269499869579606,-0.0029863197185673,0.9342279071461992,1.001462957007195,-0.1783533707467193,0.0525700905041326,5,0.3822921971007294,0.1213949248194694,0.0,0.0,90.0,14.46453507523983,4.974038200220093,2400,600,50,5,a3796970975a9eb89ff490fb496173e849f20716f3f9877d0f2ed394a34b1ec9,-0.0229599093903076,-0.0218650868005576,-0.0229766420409172,-0.02243866352777,-0.0229766420409172,-0.0225600754398881,0.161094908769759,0.1688375919798707,0.1045752286495381,0.1719810663097001,0.1070050186320192,-0.0786775155965503,0.0931734535004106,0.1822343790168095,True,False,True,True,False,True
R1_m-9a27c224c2fa.json,R1,m-9a27c224c2fa,r-05cbd60ed1,complete,,88001,20482,gru,antisymmetric,32,2,0.0,silu,8,2,0.0879622009923475,-0.0035584175748577,0.9549812238734844,1.0017621984649576,-0.0198450600706139,0.0483317572307384,5,0.1524973096854754,0.2045970559120178,0.0,0.0,88.0,14.28146999096498,4.552561899879947,2400,600,50,5,453256fe3b154babff64138bd035afa27c46208e6542637424a8200598fc6a57,-0.0250903616788613,-0.0206880542562521,-0.0225217179144718,-0.0229300064092874,-0.0250903616788613,-0.0228075350647182,0.0855296440829817,0.1094087330922907,0.082465942350501,0.1088173896840721,0.0835726442722759,0.0359418940352405,0.0685763894938882,0.1204633916752958,True,False,False,True,False,True
R1_m-9e198fb46448.json,R1,m-9e198fb46448,r-05cbd60ed1,complete,,88001,235330,transformer,antisymmetric,96,2,0.1,silu,8,2,0.124992002342902,-0.0028960974037395,0.9353102078349658,1.0014217120754132,-0.2139959871767636,0.0577015009977104,5,0.3706743511753864,0.0736261010169982,0.0,0.0,100.0,16.71592505881562,5.410819199867547,2400,600,50,5,a2ec371f4a4246ad81f41972d70331b830b701dc6809e8895ec5af6de7afa9c8,-0.0225567242621207,-0.0222650039285388,-0.0192107654143713,-0.0231736762657783,-0.0231736762657783,-0.0218015424677023,0.151021079711351,0.1674720895304816,0.1002372741414418,0.1707617555525685,0.1081333915598809,-0.0626758732473191,0.0920698193527739,0.1791074160990758,True,False,True,True,False,True
R1_m-9f995fb985ec.json,R1,m-9f995fb985ec,r-05cbd60ed1,complete,,88001,83746,mlp,direct,96,1,0.0,silu,8,2,0.1252275204881584,-0.0120960403728306,0.9351106535450974,1.0059907050560897,-0.2796333480537416,0.0488491844514714,5,0.3222014038467423,0.1561231017112732,0.0618906915187835,0.0922487378120422,88.0,9.924434998538343,3.005243699764833,2400,600,50,5,00c410b102580ac4e04fa26a77259bd0a3c481c8945ccf6120966d94359724b5,-0.0419358446470907,-0.0377540057865688,-0.030739840417056,-0.0414089065837006,-0.0419358446470907,-0.037959649358604,0.1741680531995922,0.1731035836406368,0.1104931528107759,0.1666703492147042,0.0933663109997269,-0.1214772923014193,0.092526022345897,0.1793123281836263,False,False,True,True,False,True
R1_m-9fedb989ce8d.json,R1,m-9fedb989ce8d,r-05cbd60ed1,complete,,88001,18818,mlp,direct,32,2,0.1,silu,8,2,0.1043373185887816,-0.0115366382162583,0.9463309241239116,1.005726917045771,-0.0308420580917665,0.0562961027912063,5,0.165498620142102,0.2369338423013687,0.0239104814827442,0.0326269567012786,86.0,12.651534972246736,4.097459699725732,2400,600,50,5,fee2ac025c31b270c3b9c8c9bf4f514056d9efd1926c56a260936043adbe9f09,-0.031482744132385,-0.0310327590304018,-0.0297088712297668,-0.0298011553172226,-0.031482744132385,-0.030506382427444,0.1191642472540246,0.1222056377678342,0.0924029794935755,0.1253336701914467,0.0939416063029345,0.051527423392093,0.0857649345227103,0.1359921549103787,False,False,True,True,False,True
R1_m-a5d37705e408.json,R1,m-a5d37705e408,r-05cbd60ed1,complete,,88001,45602,mlp,direct,64,1,0.0,silu,8,2,0.1238157569961281,-0.0165507643357406,0.9358521781239014,1.0081994384305162,-0.1713280677868205,0.0580179959639087,5,0.2982973413402272,0.1836495399475097,0.0490409657359123,0.0593090280890464,88.0,9.463545016478744,3.353559100534767,2400,600,50,5,1bb95b899582f7b5ec5ae8329cc885a019ab453aad16d24454867f5d85718c4b,-0.0409125141631374,-0.0391601473914278,-0.0429457190920468,-0.042785985520565,-0.0429457190920468,-0.0414510915417942,0.1608798800969857,0.1615160482522936,0.1138376060876946,0.1605169632946763,0.0943029075390879,-0.059761044833736,0.0942707710803421,0.1728100050021584,False,False,True,True,False,True
R1_m-a60e3408fec5.json,R1,m-a60e3408fec5,r-05cbd60ed1,complete,,88001,44578,mlp,shared_branch,64,1,0.0,silu,8,2,0.1242636373265207,-0.0026131059991552,0.9357195556256376,1.001269689276953,-0.1443791371141007,0.0649417074634517,5,0.3596854819061218,0.193283200263977,0.0,0.0,68.0,10.418115009088067,6.630782300140709,2400,600,50,5,afbbea7424eeaf5f38d908d5a0281aa91fe52a75929612afbb33594efd2f37a0,-0.0217338871074956,-0.0254148092520634,-0.0250929751614901,-0.023499138363775,-0.0254148092520634,-0.023935202471206,0.1488949557331063,0.168829439574386,0.100737360068025,0.165695383616641,0.1061880147655831,-0.0469750608203322,0.0925186900184744,0.1769331673311927,True,False,True,True,False,True
R1_m-a648633c7c48.json,R1,m-a648633c7c48,r-05cbd60ed1,complete,,88001,65506,transformer,shared_branch,64,1,0.1,gelu,8,2,0.1246543729875315,-0.0021022251028753,0.93545344589045,1.0010228106480188,-0.1579775474381937,0.0444174066627088,5,0.3726130080282287,0.1273920983076095,0.0,0.0,92.0,11.415704875253136,4.20661470037885,2400,600,50,5,2424900e116e91c30d3dcee7864f2cbb313e5eeaa113daf7e174928447692486,-0.0247166761317012,-0.0210261677069969,-0.0238364831103459,-0.023014810457774,-0.0247166761317012,-0.0231485343517045,0.1606377043153858,0.1663678532911006,0.102673674400913,0.1688095024719524,0.1039514206890029,-0.085623989673406,0.0923100146036411,0.1778291868818774,True,False,True,True,False,True
R1_m-a7214bb17966.json,R1,m-a7214bb17966,r-05cbd60ed1,complete,,88001,75874,tcn,antisymmetric,96,1,0.0,silu,8,2,0.126076980284852,-0.0026766770070373,0.9347450570943288,1.0013092879639889,-0.1424540751854703,0.060463872469706,5,0.3744963159830154,0.1034003272652626,0.0,0.0,90.0,12.775170011445876,3.996743799885735,2400,600,50,5,e9af0fba42077aad7fd92ba986a8e7ed4c08e4261386e36589f9bb0544b7bb3d,-0.0244261189863281,-0.0264517359267848,-0.025804868113807,-0.0269475555921323,-0.0269475555921323,-0.025907569654763,0.1528589480521706,0.1629559482429319,0.1057230867326546,0.1723957858050669,0.1043472395241012,-0.0465161365396535,0.0946071531204787,0.1781823168684057,True,False,True,True,False,True
R1_m-aba04b6fcb8d.json,R1,m-aba04b6fcb8d,r-05cbd60ed1,complete,,88001,66018,transformer,antisymmetric,64,1,0.1,silu,8,2,0.1194062217547474,-0.0050458066444102,0.938307272219856,1.002491631745582,-0.1045794690136094,0.0561751971778058,5,0.3002208301703543,0.1212707310914993,0.0,0.0,92.0,12.28656488237902,4.095697500277311,2400,600,50,5,17431dc547169b92d870b27bcfc8e0f7ed8dad52452fb30fc92c97db70a92dec,-0.0307210659345338,-0.0288960945828222,-0.0322050596710803,-0.0308777471370402,-0.0322050596710803,-0.0306749918313691,0.1322228754837099,0.1565278390497164,0.1046097620027722,0.1556371425285843,0.1089296403124385,-0.0177268978263721,0.0901476748889558,0.1684906301482965,True,False,True,True,False,True
R1_m-ada97bb3738a.json,R1,m-ada97bb3738a,r-05cbd60ed1,complete,,88001,20482,gru,antisymmetric,32,2,0.0,gelu,8,2,0.0867856976013763,-0.0034488668217207,0.9556003801621556,1.0017089633987148,-0.0124729562777061,0.0466454396724727,5,0.1475670656924141,0.2080912590026855,0.0,0.0,88.0,13.397124991752206,4.497920399997383,2400,600,50,5,0261a8f753202d1ffedebf258b4de7aa7045521d64479fab235bb045a54e9918,-0.024139964873816,-0.0201121656327121,-0.0216031912911922,-0.0222005070464754,-0.024139964873816,-0.0220139572110489,0.0841981580801962,0.1070643657509257,0.0816716446113662,0.1070199480942047,0.0816251778051417,0.0409740031275417,0.0677944634235975,0.1187627367689925,True,False,False,True,False,True
R1_m-b09a55d54ebd.json,R1,m-b09a55d54ebd,r-05cbd60ed1,complete,,88001,18818,mlp,direct,32,2,0.1,gelu,8,2,0.1034114614590238,-0.0121311584009145,0.9468275719241136,1.0060222164681587,-0.0274346060043773,0.0566757838652791,5,0.1615669530936885,0.2485006302595138,0.0237706899642944,0.0367506295442581,86.0,10.636959946714342,3.759371400112286,2400,600,50,5,69197433c45d3c82a5cc815160c5b0532ae293bbe4279013bc861343bf9a6990,-0.030503449766783,-0.0295141880962768,-0.0295326371675392,-0.0290616275925064,-0.030503449766783,-0.0296529756557764,0.1182805682634446,0.1205095753166224,0.0927821037639859,0.123146878416635,0.0919863426858481,0.0547560584808105,0.0853037091271177,0.1343710858079305,False,False,True,True,False,True
R1_m-b3a8b1c508b4.json,R1,m-b3a8b1c508b4,r-05cbd60ed1,complete,,88001,36258,tcn,antisymmetric,64,1,0.0,silu,8,2,0.1192172454238484,-0.0055063562265334,0.938407426442706,1.0027115158499635,-0.1057578211444587,0.0553305025302031,5,0.3069598103175266,0.1460130363702774,0.0,0.0,68.0,11.344369919970632,2.877119999844581,2400,600,50,5,b8e5f925a09e785b9de526004a5b5dd6a12019ade5c2d2bde9413825be6290c7,-0.0355791489478096,-0.0325065005259856,-0.0354533315395748,-0.0378489187994559,-0.0378489187994559,-0.0353469749532065,0.1321379864784664,0.1570223869324057,0.103539391947356,0.155313431327822,0.1064101992270898,-0.0118645655426901,0.0911542520343226,0.1663761408308079,True,False,True,True,False,True
R1_m-bab63fe33ce4.json,R1,m-bab63fe33ce4,r-05cbd60ed1,complete,,88001,66018,transformer,antisymmetric,64,1,0.0,silu,8,2,0.1216525988054113,-0.0047634442609229,0.9371010085050872,1.002349794838452,-0.1079253213855557,0.057008701696107,5,0.3070747849720303,0.1230966225266456,0.0,0.0,90.0,15.4469549190253,4.728732399875298,2400,600,50,5,336b64f16fbb2367e5bd7bb3ef8f71520404c0de00ffd2476da38143aa7cec2d,-0.0291017552696899,-0.0270104354902811,-0.0311314460111808,-0.0297586629528765,-0.0311314460111808,-0.0292505749310071,0.1362503614462281,0.1584602873944221,0.1061111929120974,0.1576262367544279,0.1102361401334892,-0.0141942332007639,0.0920113959422652,0.1713509596586444,True,False,True,True,False,True
R1_m-bc286b13f64a.json,R1,m-bc286b13f64a,r-05cbd60ed1,complete,,88001,159682,gru,antisymmetric,96,2,0.0,silu,8,2,0.1221685794657404,-0.0033710926003047,0.9368324743780444,1.0016594688126497,-0.1688564358189996,0.0595175460017254,5,0.3413442391275954,0.0876204147934913,0.0,0.0,90.0,11.200019950047134,4.330109700327739,2400,600,50,5,af6deafdc9a5856a7fc6d1588ac1e652e1e2d74819771052a0d3f1345cbd5c81,-0.0283991309524023,-0.0276776192758312,-0.0257891664654303,-0.0273493345073141,-0.0283991309524023,-0.0273038128002445,0.1443967747388063,0.1642944957893652,0.1063865523298909,0.1646818967651227,0.1013615520894156,-0.0512798613556653,0.0913122186635004,0.1734905272690364,True,False,True,True,False,True
R1_m-beba8a023fb1.json,R1,m-beba8a023fb1,r-05cbd60ed1,complete,,88001,142786,transformer,direct,96,1,0.0,silu,8,2,0.1304459866279187,-0.0167528410339398,0.9323137904414316,1.0083056461781523,-0.2716327040852149,0.0561168360391136,5,0.3017449265043087,0.0812666937708854,0.0600859448313713,0.0992479771375656,94.0,14.038779819384215,4.607372300000861,2400,600,50,5,2ef70d4c1ca9bbb1f60fac32525e7d015be1a242af1bca2ae2623273633d3f84,-0.0359721969110282,-0.0428303518170773,-0.0353608960320666,-0.041554801046908,-0.0428303518170773,-0.03892956145177,0.1698493216446551,0.181547591793639,0.1126836858942743,0.1727328873660751,0.0996639967900699,-0.0897197853851316,0.0967843557011894,0.1858328685987807,False,False,True,True,False,True
R1_m-bf98a1814847.json,R1,m-bf98a1814847,r-05cbd60ed1,complete,,88001,48226,gru,shared_branch,64,1,0.0,silu,8,2,0.1222840816830962,-0.0020761758348452,0.9367728252097406,1.001009374654884,-0.1570956432592283,0.0598404395676938,5,0.3475483778093309,0.115317702293396,0.0,0.0,94.0,5.855984974186867,2.171294000232592,2400,600,50,5,94f101f4f7be69eaeedd967f0dd082cb7be0b15ed4d53b2770dab15545183f8e,-0.026331571275187,-0.0302994432257237,-0.0277986466789967,-0.024334664996038,-0.0302994432257237,-0.0271910815439864,0.146398426620347,0.1608004884996623,0.1037896561419444,0.1661290149450606,0.1013026845362085,-0.0471733844552163,0.0911483937195996,0.1740487066609293,True,False,True,True,False,True
R1_m-c138d9a31cfd.json,R1,m-c138d9a31cfd,r-05cbd60ed1,complete,,88001,13890,tcn,shared_branch,32,2,0.0,silu,8,2,0.1096269578771887,-0.0050161805685786,0.943566868207888,1.0024799384627583,-0.0534231867807621,0.0546975508379928,5,0.2444191272963123,0.2604990899562835,0.0,0.0,68.0,8.960355049930511,7.429734899895266,2400,600,50,5,eae50d29c4355f9282399b9e2c58c84d33af87081238b38fb6bc5ef296ca2223,-0.0311919563797609,-0.0284532553290977,-0.0271896596818215,-0.0307826278054643,-0.0311919563797609,-0.0294043747990361,0.113197927329206,0.1444129384804994,0.10137235452623,0.1402627584918053,0.0961203896979231,0.0133382177414332,0.0840458375356475,0.1525463263063211,True,False,True,True,False,True
R1_m-c40ac8c8a0c3.json,R1,m-c40ac8c8a0c3,r-05cbd60ed1,complete,,88001,82978,mlp,antisymmetric,96,1,0.1,silu,8,2,0.1194011476835373,-0.0043232919334858,0.9383124013811056,1.0021289367923911,-0.1465048019125283,0.0545388994000558,5,0.3463596860101785,0.1512381583452224,0.0,0.0,88.0,12.932420067954808,4.069814699934796,2400,600,50,5,ea8c1832c202169c40eb572baf1ed66c9960d1ed3194ca5073822283a4713a82,-0.0282580593595502,-0.0262864283950523,-0.0260768939105411,-0.0251955380394885,-0.0282580593595502,-0.026454229926158,0.1430391264519026,0.1629120926923264,0.0991352436171434,0.1638122141625823,0.0981342755931255,-0.0589524815180683,0.0887025369495587,0.1701605684610499,True,False,True,True,False,True
R1_m-ca64ae709933.json,R1,m-ca64ae709933,r-05cbd60ed1,complete,,88001,73698,gru,antisymmetric,64,2,0.0,silu,8,2,0.1152998463199302,-0.0032511214494335,0.9405344515533984,1.0015913521872046,-0.0795168954858598,0.0574345356795759,5,0.2708118298500711,0.1345351934432983,0.0,0.0,88.0,10.050480067729948,2.58609570004046,2400,600,50,5,b20e7def54a8c56f3c5fd59f61fd3cf8352514acfb50fc43ed222662a00f9717,-0.0321003940920081,-0.036440577474911,-0.033096769648516,-0.0340634676682893,-0.036440577474911,-0.0339253022209311,0.1277300379309562,0.1504790761443329,0.1038115141875539,0.1488221203236875,0.1011608753152102,-0.0094805375270603,0.0873634550040997,0.1620650408173451,True,False,True,True,False,True
R1_m-cb8e5da2962c.json,R1,m-cb8e5da2962c,r-05cbd60ed1,complete,,88001,48866,mlp,shared_branch,64,2,0.1,silu,8,2,0.1208784188203779,-0.0038325665977012,0.9374917540931104,1.0018791077706404,-0.2034675067724138,0.055430182325701,5,0.3671471193609048,0.176090657711029,0.0,0.0,88.0,10.217229963745922,3.532660699915141,2400,600,50,5,15fbf25b1f8736c239d3d139ee5f699acc498a1ec9c40d9625d569b2cd8b9ffa,-0.0318992338979735,-0.0322527601498983,-0.0289242927935633,-0.0309987856444193,-0.0322527601498983,-0.0310187681214636,0.1492444984401577,0.1648110035601236,0.1010837847092946,0.1666562750750687,0.0971006793601549,-0.0736568230417445,0.0891913533846101,0.1728193343528943,True,False,True,True,False,True
R1_m-d175f14b1019.json,R1,m-d175f14b1019,r-05cbd60ed1,complete,,88001,83746,mlp,direct,96,1,0.1,silu,8,2,0.1230109537962,-0.0147664696459292,0.9363013707398002,1.0073234611307087,-0.2791222890412277,0.0483215945453909,5,0.3234358700462494,0.1538622379302978,0.0591341443359851,0.088064968585968,88.0,10.392989974934608,3.783922199625522,2400,600,50,5,de5c8c9b66324ffb64f58cdf9679f6312b07154b98947b839a4365338794faaa,-0.0414809495248271,-0.0382789601512558,-0.0299880844337068,-0.0434583853300363,-0.0434583853300363,-0.0383015948599565,0.171103052462416,0.1701418175435999,0.1091046215696448,0.165970046013602,0.0937262087071461,-0.1318178093598824,0.0904381105506444,0.176950748912179,False,False,True,True,False,True
R1_m-dac4b7e2cec0.json,R1,m-dac4b7e2cec0,r-05cbd60ed1,complete,,88001,82210,mlp,shared_branch,96,1,0.0,silu,8,2,0.1302744429994503,-0.0025327145508617,0.932489369198606,1.0012498562686758,-0.2553862820246579,0.0659527905175784,5,0.3994295506036252,0.1609551757574081,0.0,0.0,88.0,11.321524926461278,3.8659982001408935,2400,600,50,5,3c075e2cfe677ef2f5c475d451edf892ae579d5698b900eacb7190d3f230414d,-0.0167433011972233,-0.0169471318135607,-0.0134698174017418,-0.0122075809302746,-0.0169471318135607,-0.0148419578357001,0.1661465489152243,0.1718285897607621,0.0954136696986674,0.1782879454753795,0.1066639250678959,-0.0495916882495604,0.0945239114407896,0.1883210613852702,True,False,True,True,False,True
R1_m-dda77a678cfb.json,R1,m-dda77a678cfb,r-05cbd60ed1,complete,,88001,93250,mlp,direct,96,2,0.0,gelu,8,2,0.1236991242579336,-0.0158045095288685,0.9359538157946992,1.0078377013816058,-0.230525422211353,0.0485663121031587,5,0.3145675411138871,0.1495916843414306,0.0477549284696579,0.0875440686941146,88.0,11.390829982701687,3.831630100030452,2400,600,50,5,fd56696d1f220bd69426ca4a56a9991cb50f39aea7a7fd3deb6fe4962be0bd34,-0.0339928102153976,-0.0309115241046809,-0.030969572615443,-0.034169332875356,-0.034169332875356,-0.0325108099527194,0.1707933641775811,0.1711863980547217,0.1122380710163657,0.1592158035225747,0.0932431447232982,-0.1039654317911625,0.0906451800810977,0.178550277118854,False,False,True,True,False,True
R1_m-e1046409d059.json,R1,m-e1046409d059,r-05cbd60ed1,complete,,88001,158914,gru,shared_branch,96,2,0.0,gelu,8,2,0.1323556289887865,-0.0025626085766842,0.9313821975941544,1.0012602922426672,-0.1821321808976599,0.0656059703294194,5,0.3933212817580577,0.1015198603272438,0.0,0.0,90.0,11.73440497368574,3.420979800168425,2400,600,50,5,8ceb6f0d3dcc854c082c06f26b749889c911d2a717bb165a990b09a1ef0c4073,-0.0211541376709887,-0.0232615226979282,-0.0212008595831665,-0.0213162279519838,-0.0232615226979282,-0.0217331869760168,0.165965873781978,0.173574466254604,0.1079193990935944,0.1756113651758152,0.1036848309555487,-0.0330624592381657,0.097310179584842,0.1898504078893598,True,False,True,True,False,True
R1_m-e27868141735.json,R1,m-e27868141735,r-05cbd60ed1,complete,,88001,48226,gru,shared_branch,64,1,0.0,gelu,8,2,0.1234328296517084,-0.0016182693857502,0.9361907672472534,1.0007849263240831,-0.1290231390036689,0.0653089406492258,5,0.3318060620124723,0.1241395696997642,0.0,0.0,88.0,10.332905035465954,3.187414600048214,2400,600,50,5,77fe4928d16af4894eef25e80324daca0b7502fec59931a57056bf2407deb3fe,-0.0241055184054324,-0.0298341946446658,-0.0259790974950324,-0.0218306149194125,-0.0298341946446658,-0.0254373563661358,0.1445718034104482,0.1570034927688282,0.1078605624906882,0.1654455234226439,0.1019753270510458,-0.0223516666263218,0.0936494884732712,0.1731921958861383,True,False,True,True,False,True
R1_m-e8303caeab0f.json,R1,m-e8303caeab0f,r-05cbd60ed1,complete,,88001,36258,tcn,antisymmetric,64,1,0.1,gelu,8,2,0.1172773393140319,-0.0034398337766326,0.9394579936355436,1.001691596470046,-0.0744833171380316,0.0548007853741406,5,0.2862535730395915,0.1519627720117569,0.0,0.0,88.0,11.63197986315936,4.173846999881789,2400,600,50,5,7ced59778331932f7f094f68301aab9a506bdc7bce02278167b5ac5c308f9636,-0.0307197025227583,-0.0284967070521189,-0.0307137845536882,-0.0316157337105995,-0.0316157337105995,-0.0303864819597912,0.1279836729691438,0.1524225360427221,0.1033254367964088,0.1515551551626168,0.1043987256205892,0.0024076392041614,0.0902968183699588,0.1628380237417333,True,False,True,True,False,True
R1_m-e8de008f020f.json,R1,m-e8de008f020f,r-05cbd60ed1,complete,,88001,75106,tcn,shared_branch,96,1,0.0,gelu,8,2,0.1374454527699625,-0.0027346523567858,0.9286822741329596,1.0013372240657197,-0.2351552661394924,0.0707799234260889,5,0.4096185148718408,0.1094361767172813,0.0,0.0,90.0,12.100784957874565,4.274881799705327,2400,600,50,5,df2d945488e079b7375f3511afa22c01e92bf2704b24d7f3e2fe3b4316557094,-0.0157142725108752,-0.0213812817083509,-0.0172934565966331,-0.0169087314882891,-0.0213812817083509,-0.0178244355760371,0.1768034531868058,0.1686922843912143,0.109475315589826,0.1763312602093878,0.1092955279503989,-0.0073775442644195,0.1033792059335661,0.1937827953250202,True,False,True,True,False,True
R1_m-ede5f80a9065.json,R1,m-ede5f80a9065,r-05cbd60ed1,complete,,88001,20226,gru,shared_branch,32,2,0.1,silu,8,2,0.1072845398871792,-0.0049379831690642,0.9447948396807584,1.0024407497030317,-0.0712101582149022,0.0556375851217791,5,0.2426912407346642,0.2021761089563369,0.0,0.0,88.0,8.108695002738383,2.614878000225872,2400,600,50,5,733e78a97c0fe8cef61c0cb199c3fbc534fe00a57c06426c1d0e9e7fd5d91cf3,-0.0307095632022491,-0.0251274978965043,-0.027003773146133,-0.0312789283933425,-0.0312789283933425,-0.0285299406595572,0.1115227094321757,0.140788423642499,0.0957336113759453,0.1421604449235734,0.1005020524930981,-0.0145018530901521,0.0814959158184166,0.1503790328468203,True,False,True,True,False,True
R1_m-f57f1f8c2403.json,R1,m-f57f1f8c2403,r-05cbd60ed1,complete,,88001,49250,tcn,direct,64,2,0.0,gelu,8,2,0.1233593041187965,-0.0157409986287103,0.9361049821128568,1.0077990506050836,-0.1710921045877309,0.0523456960123592,5,0.2930319997552807,0.1755355149507522,0.0414533615112304,0.0671335458755493,90.0,10.849400039296595,11.177046899916604,2400,600,50,5,7cd8fe11f6e9f1b5c7b7d3a10eb576f8485819f688e07c5233d6539ad469ba9d,-0.0352525807522532,-0.0418991563964046,-0.0409845425753954,-0.0409959280538378,-0.0418991563964046,-0.0397830519444727,0.1548816099823297,0.1624413352432827,0.1107085254559184,0.1590650918920372,0.1023275831441285,-0.0485879855296259,0.0925840120243106,0.1756983635618088,False,False,True,True,False,True
R1_m-f6e372083c76.json,R1,m-f6e372083c76,r-05cbd60ed1,complete,,88001,29058,transformer,shared_branch,32,2,0.1,silu,8,2,0.1081846556312299,-0.0022601120881386,0.944337804123706,1.001108286419294,-0.0571275771285784,0.0599376803939527,5,0.2390511404289179,0.1309376209974289,0.0,0.0,90.0,9.768200013786554,3.4353295997716486,2400,600,50,5,c4d3ac22a854d78e3716a01b44e372b7f9e7737832d0104066825a255ae1b920,-0.0249802073617384,-0.0252786685122583,-0.0184044305450015,-0.024323540906546,-0.0252786685122583,-0.0232467118313861,0.1162276451128387,0.1347324877072222,0.099263236258109,0.1421723950326164,0.0979393433109934,0.0048365861011484,0.0830703570174906,0.1511141786015172,True,False,True,True,False,True
R1_m-f9b103f48b51.json,R1,m-f9b103f48b51,r-05cbd60ed1,complete,,88001,49250,tcn,direct,64,2,0.1,gelu,8,2,0.1209326652756677,-0.0149627733600035,0.9373888000497974,1.0074168631763385,-0.1774750081284279,0.0482811217972608,5,0.2898270446915294,0.1765858381986618,0.0406973622739315,0.0694183483719825,90.0,11.884190002456307,14.022609199862927,2400,600,50,5,0e2f44b57602fd9dfbd4c27495e62f450faadab3a574f8475358e299353a8b35,-0.0344515428693563,-0.0398073201667619,-0.0392837751179204,-0.0400660005135082,-0.0400660005135082,-0.0384021596668867,0.1520305141607104,0.1615138737803964,0.1096768553805048,0.1552557321279365,0.1007011692366211,-0.0576110672932782,0.0903137044997879,0.1727165444616566,False,False,True,True,False,True
R1_m-fbeeb2c140dc.json,R1,m-fbeeb2c140dc,r-05cbd60ed1,complete,,88001,83746,mlp,direct,96,1,0.0,gelu,8,2,0.126899895091639,-0.0109669778967651,0.9342262896570752,1.0054328724135937,-0.2544264073895239,0.0521072113334665,5,0.3081273263013245,0.1721764653921127,0.0596850253641605,0.0983493030071258,68.0,12.07854514941573,4.019290399970487,2400,600,50,5,12493155a49703dfbd5e83f1cdb1d2f5570a3dda274fc4a17072b35fea5cb1cf,-0.0415248388276139,-0.0379984891074554,-0.0299413723448567,-0.0406496957401858,-0.0415248388276139,-0.0375285990050279,0.1747234213443571,0.1755569251632305,0.1104759989059684,0.1648401672480109,0.096041974321925,-0.1050495493802844,0.0952352525586189,0.179032378921112,False,False,True,True,False,True
R2_m-023c6568a5dc.json,R2,m-023c6568a5dc,r-05cbd60ed1,complete,,88001,48738,gru,antisymmetric,64,1,0.1,silu,8,2,0.1580659889944984,0.0035105255627999,0.917498212179814,0.9982296371651778,-0.1568439036241531,0.0752598583579647,5,0.4270061535823171,0.087779700756073,0.0,0.0,88.0,14.41841509658843,6.573726500151679,2400,600,50,5,cfd0498b211ce32cf56d90c2e2a0bd24cf00eb33a37d3d0929e31c53957562ea,-0.0114446099224447,-0.0101398987171983,-0.0102561699402494,-0.0107968668708962,-0.0114446099224447,-0.0106593863626971,0.1935287689918758,0.191907212891843,0.1308276508598935,0.1920064295470564,0.1242884810594294,0.0545792960024074,0.1106242541833883,0.2349529250647347,True,False,True,True,False,True
R2_m-1d3d20efeb7e.json,R2,m-1d3d20efeb7e,r-05cbd60ed1,complete,,88001,29314,transformer,antisymmetric,32,2,0.0,silu,8,2,0.1495974326367024,-0.000463821482677,0.9221243935163216,1.0002249747670189,-0.2063185006694117,0.0809405664377674,5,0.3925850009795734,0.1376754641532898,0.0,0.0,90.0,15.013765019830316,8.564970700070262,2400,600,50,5,0bbd32a2a977d645a4e7c553ac01fd2d0e0ac606049f7b1cf62951ba4040f48f,-0.0059655961072329,-0.012428750075399,-0.0096219263526053,-0.0119849782177041,-0.012428750075399,-0.0100003126882353,0.1717462370650183,0.1936367062350698,0.1241794990286969,0.1888981242774781,0.1212421815697952,0.0313735498103035,0.105547473493601,0.2211123518767969,True,False,True,True,False,True
R2_m-31d1827937ce.json,R2,m-31d1827937ce,r-05cbd60ed1,complete,,88001,18690,transformer,antisymmetric,32,1,0.1,gelu,8,2,0.1517694334712319,-0.0001291920660893,0.9209464069007012,1.0000589726603624,-0.1958871739942396,0.0871286828498868,5,0.3863099557103541,0.136909082531929,0.0,0.0,88.0,8.998914982657878,6.094425700139254,2400,600,50,5,2b565ac09603a9f192c6fe2528fa106471dcb43ba8431d3d555f2b04da0e8020,-0.0074409691154491,-0.0139020394910822,-0.0091318228905612,-0.0119041216518709,-0.0139020394910822,-0.0105947382872408,0.1722569837910315,0.1908523489799808,0.1271123497571349,0.1931818561069184,0.1246291100610912,0.0418379839072119,0.10905411988154,0.2219458803731946,True,False,True,True,False,True
R2_m-370cab3d4b82.json,R2,m-370cab3d4b82,r-05cbd60ed1,complete,,88001,36258,tcn,antisymmetric,64,1,0.1,silu,8,2,0.1675407487124335,0.0031029979915802,0.9123295573641018,0.9984287876813512,-0.1664341953940074,0.0770221275370675,5,0.4502724013479698,0.0981131196022033,0.0,0.0,88.0,11.485845095012335,7.385823199991137,2400,600,50,5,4105152d3c49c10200cfa207b7c91a6d1e4ad99aeea222b3ed79ddde1fe71555,-0.0166512641471094,-0.0205603658978019,-0.0137067987951717,-0.0205652302783767,-0.0205652302783767,-0.017870914779615,0.205668349691082,0.2005562789681613,0.1395746777258081,0.1953878449723436,0.1297494171061793,0.0890723856120369,0.1237581161951637,0.2387228793540138,True,False,True,True,False,True
R2_m-37ecfeb87e50.json,R2,m-37ecfeb87e50,r-05cbd60ed1,complete,,88001,49378,mlp,antisymmetric,64,2,0.0,silu,8,2,0.1600269225711993,0.003628779716388,0.9164281318781826,0.9981508384903032,-0.1357022126447642,0.0793407432093612,5,0.4218014779146911,0.1240511983633041,0.0,0.0,88.0,10.737085063010452,6.897862799931318,2400,600,50,5,68919b59a2f3982a5dc6b1cecabcefa8d436f60a48776e5cd1a983e293c2b96f,-0.0220052680366493,-0.0208162725105236,-0.0131714287867086,-0.0209949633415873,-0.0220052680366493,-0.0192469831688672,0.2016403115784817,0.1948795988302194,0.1289313025862052,0.1830743649170746,0.1278096971157376,0.0736104946703346,0.1134998967404512,0.2348433656800011,True,False,True,True,False,True
R2_m-393f58cc75db.json,R2,m-393f58cc75db,r-05cbd60ed1,complete,,88001,29058,transformer,shared_branch,32,2,0.0,gelu,8,2,0.1615233689575516,-0.0021801704238185,0.9156554264320628,1.001068866318819,-0.2031944571903479,0.0999889142061708,5,0.4372015125917373,0.1229536607861518,0.0,0.0,90.0,13.227894937153906,8.798264600103721,2400,600,50,5,1d6d2449e284c367eb2a7676f329a1922f8de75fcb13d12fcace07fe270d0cd0,-0.0177319448086881,-0.023672387728495,-0.0208589113107866,-0.0193689028268297,-0.023672387728495,-0.0204080366686998,0.1965138755827665,0.1958519818455107,0.1340603413463748,0.202045452325018,0.1162434029026542,0.0609210887695744,0.119079357806582,0.2307931824272013,True,False,True,True,False,True
R2_m-39a8d671864f.json,R2,m-39a8d671864f,r-05cbd60ed1,complete,,88001,29058,transformer,shared_branch,32,2,0.1,gelu,8,2,0.1529777668058498,-0.0028231495054487,0.920311280903085,1.0013916340490934,-0.2379723540750371,0.0950558824249203,5,0.4298670688544936,0.1122334823012352,0.0,0.0,90.0,12.782245094422253,9.143573499983177,2400,600,50,5,bc14e3e16b91ba0eb537e77edab6bb9ba216e3d8e7dcadaee6618b3ac4d8906b,-0.0169810158747072,-0.0216089805030186,-0.01637730420768,-0.0190464373370029,-0.0216089805030186,-0.0185034344806022,0.1852661592843914,0.1920994898787121,0.1257421430698003,0.1966204819537284,0.1112806242471102,0.0273790994775401,0.1093452358349017,0.224270946764973,True,False,True,True,False,True
R2_m-49b072af5e16.json,R2,m-49b072af5e16,r-05cbd60ed1,complete,,88001,107746,transformer,antisymmetric,64,2,0.1,gelu,8,2,0.1709019359132816,0.0001462574188633,0.9104341847163508,0.999906808797346,-0.0945165606959033,0.0752528202168596,5,0.4615870685646487,0.0678923428058624,0.0,0.0,94.0,12.695520010311157,8.892024299828336,2400,600,50,5,b7df869d1737ecf5494b0c95b80a9cb322e165d20a5be08c43ac7e83b747637d,-0.0139290646109448,-0.0172058345893051,-0.0156881922788199,-0.017465526159287,-0.017465526159287,-0.0160721544095892,0.2120372172365785,0.2006666257220646,0.1378232931658871,0.1974472250426701,0.1321519096804262,0.1265290273851979,0.1216777749095762,0.2507148583192854,True,False,True,True,False,True
R2_m-5fc94eb7da8d.json,R2,m-5fc94eb7da8d,r-05cbd60ed1,complete,,88001,29314,transformer,antisymmetric,32,2,0.1,gelu,8,2,0.1493107307091865,-0.0010810449294853,0.9222950475319976,1.0005333784181896,-0.249040229178912,0.0874041771140542,5,0.4009670465805944,0.124190017580986,0.0,0.0,90.0,13.352220132946968,8.897012499859557,2400,600,50,5,eb9eb3f5685c058692f4196fb355a5660987217bca7ad7533a9af86ba0ebe96d,-0.0071610777001926,-0.0125841659085088,-0.009951958357147,-0.0131181785820542,-0.0131181785820542,-0.0107038451369756,0.1759362464151035,0.1935759942972644,0.1234777961077435,0.1895693773084272,0.1161901783574281,0.0228982717916879,0.1069501658861393,0.2184665859476729,True,False,True,True,False,True
R2_m-6d253ca36751.json,R2,m-6d253ca36751,r-05cbd60ed1,complete,,88001,17442,mlp,antisymmetric,32,1,0.0,gelu,8,2,0.1568218233049667,0.0003369449325936,0.9181962338898996,0.9998215321732996,-0.1425589882217359,0.072303125270727,5,0.388259929901673,0.175244390964508,0.0,0.0,86.0,9.553539869375529,5.321005599806085,2400,600,50,5,2f51380283ffb63e7d1e376c4038b51f5502b0f503d636594f40f2f8b2cf795b,-0.0104186784339754,-0.0096118622403229,-0.0156131441671354,-0.0123813373379957,-0.0156131441671354,-0.0120062555448574,0.1955747899957993,0.187532554682481,0.1279512561840644,0.189652295000321,0.1281464602527069,0.038196583084089,0.1178350521983891,0.220212461739332,True,False,True,True,False,True
R2_m-8702027339db.json,R2,m-8702027339db,r-05cbd60ed1,complete,,88001,103810,gru,antisymmetric,96,1,0.1,silu,8,2,0.1680212246687004,0.0036608939326136,0.9120674708917368,0.9981467843731686,-0.1315685123584404,0.0731590193210935,5,0.4536190173419381,0.0636931955814361,0.0,0.0,90.0,11.61633002338931,6.490669900318608,2400,600,50,5,e78057996515f40d9d9cad1170d51414f353ba83fe049d783150472033813697,-0.0119625475383216,-0.012220900850012,-0.0146679439864989,-0.0182770930670055,-0.0182770930670055,-0.0142821213604595,0.2094410634357499,0.2014449895359284,0.1386169523827479,0.1889699333479563,0.1342834434499553,0.0949237041902754,0.1187705798699313,0.2469280532600649,True,False,True,True,False,True
R2_m-9a27c224c2fa.json,R2,m-9a27c224c2fa,r-05cbd60ed1,complete,,88001,20482,gru,antisymmetric,32,2,0.0,silu,8,2,0.1396761847516798,0.000228635777903,0.9274465970213998,0.9998804071165828,-0.1512138059616437,0.0679091628620603,5,0.3448042638528911,0.1602994352579116,0.0,0.0,88.0,13.450830010697238,7.058201799867675,2400,600,50,5,f2ebee10488f0393bc13ef4ffe9d3a57572a7762e20cdbb36fedfdfff38ae358,-0.0114673539458514,-0.008191554515988,-0.0091608281045649,-0.0096037556662942,-0.0114673539458514,-0.0096058730581746,0.1563412259483894,0.1769084757271155,0.1127884099279717,0.1817217110753725,0.1281194709649722,0.003048060777495,0.0984176841655968,0.2066963542775812,True,False,True,True,False,True
R2_m-aba04b6fcb8d.json,R2,m-aba04b6fcb8d,r-05cbd60ed1,complete,,88001,66018,transformer,antisymmetric,64,1,0.1,silu,8,2,0.1647054221646683,0.0010942627225781,0.9138367971339836,0.9994406444806232,-0.1148028325737604,0.0721586876688181,5,0.4431522623321023,0.0771208330988884,0.0,0.0,92.0,12.036875076591969,8.444447899935767,2400,600,50,5,0ab6a9efb57bd59ee56cbbced218834d0a4c7951275ea538998467c799ab567c,-0.0091857575084595,-0.0105818731314584,-0.0140347202823998,-0.0132312516632213,-0.0140347202823998,-0.0117584006463847,0.2043967360357663,0.1973315216541195,0.1330683899561974,0.1934655106309696,0.1303740070819271,0.095394791906157,0.1154705781691202,0.2445222719826544,True,False,True,True,False,True
R2_m-ada97bb3738a.json,R2,m-ada97bb3738a,r-05cbd60ed1,complete,,88001,20482,gru,antisymmetric,32,2,0.0,gelu,8,2,0.141823591964259,-0.0007652448703885,0.9262893001063236,1.000375643044886,-0.1512335042355375,0.0706112981685771,5,0.3506109868902048,0.155265673995018,0.0,0.0,88.0,10.66039998549968,6.31241190014407,2400,600,50,5,b5e3efc5b819bf3075ebdd9e5eb6d988cdd12c0b4f112c8404aeb6c114563d4d,-0.0121932772037114,-0.0087617075948158,-0.0099985477338053,-0.0110459048658069,-0.0121932772037114,-0.0104998593495349,0.1607599273263975,0.1776311744474826,0.1143221928772424,0.1834890740884138,0.1279950263177188,0.0130929583927746,0.1007497304781786,0.2089519971532099,True,False,True,True,False,True
R2_m-b3a8b1c508b4.json,R2,m-b3a8b1c508b4,r-05cbd60ed1,complete,,88001,36258,tcn,antisymmetric,64,1,0.0,silu,8,2,0.1725262764004416,0.0015458073493576,0.9095962838890586,0.9992049873878884,-0.1502150111611522,0.0795931212150551,5,0.4587136616830792,0.0988513305783271,0.0,0.0,88.0,13.36176499025896,6.955259499838576,2400,600,50,5,647fc6dcfc7c8190b7c0500ecf0ea77b68f77ffd6fdc8d08cce8b4a8476d500d,-0.0134884846049385,-0.020793128782228,-0.018574958317632,-0.0214164641916592,-0.0214164641916592,-0.0185682589741144,0.2136243571763159,0.2038393250652391,0.1442612225766275,0.1978874116801537,0.1303110464520974,0.1059963333035423,0.1319576332280869,0.2391108729881572,True,False,True,True,False,True
R2_m-bab63fe33ce4.json,R2,m-bab63fe33ce4,r-05cbd60ed1,complete,,88001,66018,transformer,antisymmetric,64,1,0.0,silu,8,2,0.1697758889230727,0.0007774744314513,0.9110540991291268,0.9995928124209538,-0.1001049101450028,0.0727327984823603,5,0.4581441890770607,0.0793679058551788,0.0,0.0,90.0,12.15335007291287,7.304898100206628,2400,600,50,5,6246dc52a3a3b6f9da24bbda6246fc6af37dda498a22d6dfce49147e8a54e5f8,-0.0087923998641294,-0.0109217407049104,-0.0133114547340651,-0.0133615811168608,-0.0133615811168608,-0.0115967941049914,0.2128891215698776,0.1996891734906786,0.1373685614936708,0.1989798921213361,0.1295551879006932,0.1123008492721498,0.1225683839105422,0.2466895554163337,True,False,True,True,False,True
R2_m-c138d9a31cfd.json,R2,m-c138d9a31cfd,r-05cbd60ed1,complete,,88001,13890,tcn,shared_branch,32,2,0.0,silu,8,2,0.152530474735686,-0.0076459809015599,0.920529339379397,1.003798242716804,-0.1869399836330021,0.0703345725074074,5,0.4030626344151,0.2046992778778076,0.0,0.0,88.0,15.99688505521044,20.003987799864262,2400,600,50,5,61f640ff9f91c7b372e1c80ff8df176df74f289e1660f93b74d8bd3fbacea35d,-0.011633137013874,-0.0142660146089281,-0.0226654258083573,-0.0185635582162593,-0.0226654258083573,-0.0167820339118547,0.1817434362691258,0.2002110757033785,0.1280925561258823,0.1802535359735714,0.1136806335415722,0.0564967777223894,0.1097497787398393,0.2218963843203049,True,False,True,True,False,True
R2_m-ca64ae709933.json,R2,m-ca64ae709933,r-05cbd60ed1,complete,,88001,73698,gru,antisymmetric,64,2,0.0,silu,8,2,0.1610848257667636,0.0033007284530407,0.9158076127398708,0.9983280186770372,-0.1294276114228965,0.0828616018201757,5,0.4204718125577016,0.10177593678236,0.0,0.0,88.0,12.445724860299372,7.731139299925417,2400,600,50,5,cbe0b5e9eeaf6934daab5ee999da5881ea030f5004443afddffe69a8f069d35f,-0.0199282775413149,-0.0105274342888723,-0.0181297794554684,-0.0185488080117024,-0.0199282775413149,-0.0167835748243395,0.1991236222827247,0.1946781728893676,0.1365051564819503,0.1916457826335557,0.1284887961342288,0.0530876511498038,0.1115026550378913,0.2406477055214657,True,False,True,True,False,True
R2_m-e27868141735.json,R2,m-e27868141735,r-05cbd60ed1,complete,,88001,48226,gru,shared_branch,64,1,0.0,gelu,8,2,0.1769400654570006,0.0005352340703677,0.9071599561392144,0.9997227915899356,-0.1291286261868613,0.0958799992721501,5,0.4672053626753357,0.1029016301035881,0.0,0.0,88.0,10.031069931574164,6.498134200461209,2400,600,50,5,70e1f802ec00f9b2ee4de62ca93891c0ec79de1d969a2ce8db9b8251641d3d7a,-0.013670766603087,-0.0058553505725664,-0.0073548692875651,-0.0101222068463655,-0.013670766603087,-0.009250798327396,0.2275432121974472,0.1989966247900802,0.1432884061020626,0.2059455472159125,0.1292602874802749,0.1113658472897541,0.1387705345061553,0.2381165948390521,True,False,True,True,False,True
R2_m-e8303caeab0f.json,R2,m-e8303caeab0f,r-05cbd60ed1,complete,,88001,36258,tcn,antisymmetric,64,1,0.1,gelu,8,2,0.1741532751883134,0.0029052284530099,0.9087023789020048,0.9985230384302768,-0.1698287268246237,0.0886241236652809,5,0.4666403576840073,0.1042500734329223,0.0,0.0,88.0,12.652049923781306,7.710816300241277,2400,600,50,5,21505f4df6c327595756ce1f677db22abc2bfe0a689a8c9f81d914cfcab3d745,-0.020243572884256,-0.023968065754653,-0.0194175620274983,-0.0250715790005497,-0.0250715790005497,-0.0221751949167393,0.2172996002017146,0.2025741986063972,0.1407687699768923,0.2018114413129946,0.1315244391477646,0.1109129151610454,0.133825186383462,0.2399621769203107,True,False,True,True,False,True
R2_m-ede5f80a9065.json,R2,m-ede5f80a9065,r-05cbd60ed1,complete,,88001,20226,gru,shared_branch,32,2,0.1,silu,8,2,0.1428018730227122,0.0006471888623859,0.9257774409856372,0.9996671532908998,-0.180016323752796,0.0750904069400711,5,0.3788513473968991,0.1492332220077514,0.0,0.0,88.0,10.966499859932808,5.794724700273946,2400,600,50,5,e4adee8c2d8b4664e2364759d7f91ae8e1e0c0577ea41c4ab2433c6ff93e129c,-0.0135371260992358,-0.0113055234308039,-0.0127590667075758,-0.0123674896883414,-0.0135371260992358,-0.0124923014814892,0.1602498472167504,0.1787177655323298,0.116317376496708,0.1873543552245976,0.1299643657611116,0.0023418178399976,0.0976420486829757,0.2154293779348349,True,False,True,True,False,True
R2_m-f6e372083c76.json,R2,m-f6e372083c76,r-05cbd60ed1,complete,,88001,29058,transformer,shared_branch,32,2,0.1,silu,8,2,0.1496172611866708,-0.0014563128534547,0.9221352192533814,1.000711756881548,-0.2593425148400021,0.0857285098405865,5,0.4149745610356534,0.1035928055644035,0.0,0.0,90.0,13.290135143324733,9.074040499981493,2400,600,50,5,0fc26f760e13e08c443887a2de04746d4e544a7d5bb7fa3b719948b544659828,-0.0144713765228903,-0.0159072151081069,-0.0126390286124633,-0.0138936795732445,-0.0159072151081069,-0.0142278249541762,0.1749740091087153,0.1900105325213053,0.1240019484988655,0.19343991980772,0.1161610889298863,0.0217163545103965,0.1053981546628772,0.221785086510157,True,False,True,True,False,True
