file,rung,candidate_id,recipe_id,status,error,model_seed,parameter_count,encoder,paired_head,width,depth,dropout,activation,action_dim,max_actions,overall_improvement,h4_improvement,overall_nrmse,h4_nrmse,worst_condition_improvement,worst_network_improvement,groupcv_folds,action_permutation_degradation,effective_rank_fraction,equal_action_max_abs,swap_antisymmetry_max_abs,peak_vram_mib,p95_batch1_ms,wall_seconds,train_rows,tune_rows,n_train_clusters,n_folds_recorded,model_sha256,corr_mcar,corr_burst,corr_spatial,corr_mnar,corr_min,corr_mean,cond_demand_shock,cond_emergency_vehicle,cond_lane_closure,cond_normal,cond_packet_loss,cond_sensor_delay_noise,net_cologne8,net_moscow
R1_m-023c6568a5dc.json,R1,m-023c6568a5dc,r-05cbd60ed1,complete,,88001,48738,gru,antisymmetric,64,1,0.1,silu,8,2,0.11394131961084,-0.003641590596027355,0.9412478529505428,1.0017911791314558,-0.06735036037141384,0.05704837697000542,5,0.26783850327095127,0.11161118745803833,0.0,0.0,88.0,8.154110098257659,2.6500590997748077,2400,600,50,5,811d9c4ca9aff63514e3f600e27598a9166f90d99a70abab94daab6adb77d37f,-0.02845615506399568,-0.033099360920194165,-0.030255722158601728,-0.02948195465423109,-0.033099360920194165,-0.030323298199255666,0.12213868738206775,0.14906198908886462,0.10226833796146084,0.1477408122913939,0.101897291709281,-0.0014344269120250886,0.08640040556577785,0.16008586412299614
R1_m-05cd12db3e43.json,R1,m-05cd12db3e43,r-05cbd60ed1,complete,,88001,236098,transformer,direct,96,2,0.1,silu,8,2,0.12865363706200678,-0.017642181840346494,0.9332470379917917,1.0087559513752042,-0.2575892324285498,0.05666277953892751,5,0.3057137828495765,0.06986955553293228,0.06492660939693451,0.11251106858253479,100.0,12.493824935518203,4.25243189977482,2400,600,50,5,e11c0b85d2b3b6071fab7c0ce3777979fc53addcac9a78b265b82cfb96df5876,-0.030616492373770177,-0.032019184099278064,-0.02662557313429592,-0.03503161729863247,-0.03503161729863247,-0.031073216726494157,0.16940798003879126,0.17481116501471006,0.11596993950904266,0.17224976913656784,0.09485522082266813,-0.09454894485472179,0.09381324974169772,0.18539040450321695
R1_m-0afa94f18f3c.json,R1,m-0afa94f18f3c,r-05cbd60ed1,complete,,88001,14402,tcn,direct,32,2,0.1,gelu,8,2,0.10906632457015612,-0.013241968500359214,0.9437890699587278,1.0065812497606033,-0.05080027902439688,0.0602651994992478,5,0.18128045059593784,0.25632011890411377,0.02325422875583172,0.03090149536728859,88.0,10.895070014521478,8.960134099936113,2400,600,50,5,39f49a11d46cd61d506262893a353e8b6601f0467fba8612e4a1e690a2ac34e7,-0.028073425104704564,-0.02931407713679257,-0.027935138891935107,-0.028729819275303825,-0.02931407713679257,-0.028513115102184017,0.1253868313042424,0.13047231869244663,0.09679622546946749,0.12693619902838238,0.10066996626979548,0.049021343950459005,0.08952963210832535,0.14204626113418523
R1_m-167b9a8f0975.json,R1,m-167b9a8f0975,r-05cbd60ed1,complete,,88001,103042,gru,shared_branch,96,1,0.0,silu,8,2,0.12929376934259076,-8.9272365366444e-05,0.9330075330657461,1.0000287354826312,-0.2305215282406856,0.053867648795795864,5,0.396865963907141,0.09553929418325424,0.0,0.0,90.0,10.87594995042309,3.33674839977175,2400,600,50,5,76cdacfadcb9bed6793e69bad5f23a7e1debde694f43811f168eb455fb31cbc8,-0.015646860635334603,-0.0176798265942264,-0.01365608651507677,-0.016736564891623118,-0.0176798265942264,-0.015929834659065223,0.15500283568895717,0.17285456914255343,0.09815071567038783,0.17700099207154213,0.11026510688828964,-0.044856704212523454,0.09390035415612694,0.1871675357998201
R1_m-17bdc0534018.json,R1,m-17bdc0534018,r-05cbd60ed1,complete,,88001,44578,mlp,shared_branch,64,1,0.0,gelu,8,2,0.12407002860863389,-0.0016949977051051945,0.9358329794111258,1.0008093943992695,-0.13609591678267807,0.06442233579173728,5,0.3501250875108223,0.19981501996517181,0.0,0.0,88.0,10.680644935928283,3.904831000138074,2400,600,50,5,186154fd06af652f6cbfdaefe4864fedbd73e13342084d95e5131d94eab71f4b,-0.020687024956387745,-0.02582478053141002,-0.024686946422848965,-0.023406994305903206,-0.02582478053141002,-0.023651436554137484,0.1470063461849471,0.1663086187690772,0.10273351783041777,0.16474797948333683,0.10536617881237331,-0.03942591226555574,0.09298320805781343,0.17566337870168777
R1_m-1d3d20efeb7e.json,R1,m-1d3d20efeb7e,r-05cbd60ed1,complete,,88001,29314,transformer,antisymmetric,32,2,0.0,silu,8,2,0.09528753797124385,-0.0024435062800643335,0.9511347772209809,1.0012058391586929,-0.015200806851787707,0.049280891116098346,5,0.1682950642215244,0.1689990758895874,0.0,0.0,90.0,14.773560129106041,5.271509299753234,2400,600,50,5,a72d3c8cd5291373d8236ba22b1f85e7444838dfefd2db0671c2b82ba953089b,-0.021922520772532872,-0.023703821110675483,-0.019813541811943836,-0.02155607081690758,-0.023703821110675483,-0.021748988628014942,0.0965589416604885,0.11297231412988025,0.08522455533070657,0.11684747105791686,0.09526793424197899,0.04637280261476784,0.07480760903334174,0.13030164914348263
R1_m-209166a5751a.json,R1,m-209166a5751a,r-05cbd60ed1,complete,,88001,92482,mlp,antisymmetric,96,2,0.1,gelu,8,2,0.11975203103897651,-0.004628452082002199,0.9381148624551209,1.0022758848072404,-0.194875389795365,0.05710955358465486,5,0.34419262623520563,0.1444774866104126,0.0,0.0,68.0,12.58349997224286,3.8545552000869066,2400,600,50,5,3e41b8c668f3fccd2e40b76ad045d7f3cb39607f2fda6f4821003779f13c994c,-0.030789437042010093,-0.03294431770188466,-0.030670592398768015,-0.0316637215429032,-0.03294431770188466,-0.03151701717139149,0.1448211960242941,0.16214948841202972,0.09943039540864185,0.16519287000628252,0.10407567467466954,-0.07644248309374994,0.09074547978629244,0.16802549548860735
R1_m-21d7d32c1289.json,R1,m-21d7d32c1289,r-05cbd60ed1,complete,,88001,75106,tcn,shared_branch,96,1,0.1,gelu,8,2,0.12921501471376176,-0.0041236438336895945,0.9330905428970157,1.0020224461894247,-0.23261866203605663,0.05947813700075166,5,0.4192446709905554,0.10765055567026138,0.0,0.0,90.0,11.145154992118478,4.114417300093919,2400,600,50,5,2dcc20b4bef0764f082440bc3a4b167421206ae6e308f7c9cc6a2ea3a1c0fe3c,-0.023173710572806483,-0.021449518199857742,-0.02307372042885092,-0.025682463385470866,-0.025682463385470866,-0.023344853146746503,0.16772849264975404,0.16572573527561144,0.10447184001794378,0.17150084694744297,0.09938081037135471,-0.0431847103790266,0.0958942832782711,0.1842143244309307
R1_m-252ed6fedd71.json,R1,m-252ed6fedd71,r-05cbd60ed1,complete,,88001,103810,tcn,antisymmetric,96,2,0.0,silu,8,2,0.1293980726839838,-0.002920691799921271,0.9329635787366719,1.0014360037106975,-0.17314665698559795,0.06495208769694738,5,0.35928331482301745,0.10515239834785461,0.0,0.0,72.0,8.513624907936899,11.172521299682558,2400,600,50,5,44b439e75175f09a69917e81028c13b9a9a3fc6adb2ec4706eb7b9c07b756a20,-0.016352914373093164,-0.018028707996555315,-0.017661826354542054,-0.018086307291371506,-0.018086307291371506,-0.01753243900389051,0.15429379167647075,0.16591637569406653,0.10698513505304627,0.16751036320916923,0.11104971894651741,-0.013041820594516262,0.09796576516484108,0.1819622330544865
R1_m-2d78cf1af11b.json,R1,m-2d78cf1af11b,r-05cbd60ed1,complete,,88001,141250,transformer,shared_branch,96,1,0.0,gelu,8,2,0.14084439940993804,-0.00027489450534698976,0.9267952101038794,1.0001209796390338,-0.1669910783015489,0.07190220271042314,5,0.3700752336129922,0.0907348170876503,0.0,0.0,92.0,14.559304947033514,4.742460000095889,2400,600,50,5,a50c5e0e2b907a7bc3c5619846ba86b50ecbd09af46ff91dc674c0376f54a023,-0.008707707201296655,-0.012866985694186317,-0.010049302180554331,-0.01555672160147692,-0.01555672160147692,-0.011795179169378556,0.17100750329122189,0.174918169343219,0.11367997622258541,0.17734662963035636,0.12301578889678713,-0.002709094108817434,0.10195657525991708,0.20421468709484905
R1_m-2ec290c9c919.json,R1,m-2ec290c9c919,r-05cbd60ed1,complete,,88001,65506,transformer,shared_branch,64,1,0.1,silu,8,2,0.12192378940788935,-0.0030586674519957223,0.9369018217790863,1.0014948895714262,-0.18390745490248417,0.04490950246474412,5,0.38407194995885663,0.12023007124662399,0.0,0.0,92.0,14.743415010161696,4.313496100017801,2400,600,50,5,349e368f90060dd79d672924bf527b653bd0ca661125ab1d4739301d467f325a,-0.025576986076807584,-0.022606250255632787,-0.02575214142088833,-0.02465457729644749,-0.02575214142088833,-0.024647488762444048,0.156446656766083,0.16736882795643923,0.10030232843616724,0.17021965599835712,0.10107657712981358,-0.10717259552865772,0.08949391034262151,0.17497857897560792
R1_m-31d1827937ce.json,R1,m-31d1827937ce,r-05cbd60ed1,complete,,88001,18690,transformer,antisymmetric,32,1,0.1,gelu,8,2,0.09320258977438053,-0.0020660260068375404,0.9522334471285501,1.0010192770739903,-0.008509467714702845,0.04880846381848292,5,0.16008296941948807,0.17626400291919708,0.0,0.0,88.0,7.918404985684901,2.787329100072384,2400,600,50,5,26b857a6d55055fb8ae7e81d286f2735fbfbd377839e905b9ea2027a6d106b55,-0.019802800234849816,-0.02479938784359903,-0.01803715703345632,-0.019277744102146332,-0.02479938784359903,-0.020479272303512874,0.09354685321911245,0.10998405035921714,0.08506536269728718,0.11355571911521385,0.09143145463119506,0.05156696073395952,0.07329623348715394,0.12709359544556237
R1_m-32f594f9afbc.json,R1,m-32f594f9afbc,r-05cbd60ed1,complete,,88001,48226,tcn,shared_branch,64,2,0.1,gelu,8,2,0.11935102534763993,-0.0043305467531185695,0.9383211981743624,1.0021189461039346,-0.1748908231784474,0.052691114922097215,5,0.3527271478369982,0.18534940481185913,0.0,0.0,70.0,15.228155045770105,14.24013809976168,2400,600,50,5,079a8d6c0248db74ccc5603e5d1e2670f4bf53af735093575269c7d90d6cc3ce,-0.03339718423722249,-0.03698787610349541,-0.03585185028252558,-0.04031295149549918,-0.04031295149549918,-0.036637465529685664,0.14400631144193776,0.1637584263106018,0.10138405862586233,0.16366568638138318,0.09683995431694833,-0.06710292325917458,0.08931624598176577,0.16947230556505236
R1_m-33159a09ba2a.json,R1,m-33159a09ba2a,r-05cbd60ed1,complete,,88001,104578,gru,direct,96,1,0.0,gelu,8,2,0.12247676719238829,-0.01992279629957161,0.9366048156031365,1.0098760255624195,-0.23011759708039947,0.05828701338089348,5,0.31426698624758326,0.09933308511972427,0.0611882209777832,0.0915965810418129,102.0,12.98171014059335,4.0812029000371695,2400,600,50,5,6c832f6200e1b9c203132de78297ee23e3498a0a0fd1c3c0e7efe28f91392044,-0.04236812481634522,-0.042044651821101064,-0.03732325466526776,-0.04786517182724981,-0.04786517182724981,-0.04240030078249096,0.1629383620649936,0.17252595296401702,0.10098859265387197,0.1660032455670937,0.09284788472785281,-0.09228648272056858,0.09029320871968856,0.17561120008222061
R1_m-33959483a866.json,R1,m-33959483a866,r-05cbd60ed1,complete,,88001,103042,gru,shared_branch,96,1,0.1,silu,8,2,0.1266286873317343,-0.0016398889316728393,0.9344304896406668,1.0008008101912984,-0.22322553210068707,0.049068694382536804,5,0.3946850739757993,0.09615521878004074,0.0,0.0,90.0,12.195299833547324,4.24451609980315,2400,600,50,5,b4d125e2bbe82c2fa3c1a32859e15ed06de39af03783a917eac49d0e94018227,-0.021957342473211572,-0.01767722510708536,-0.01872689082023493,-0.02127569569031107,-0.021957342473211572,-0.019909288522710733,0.15193207039497525,0.17158637732702925,0.09825335602237646,0.17540210667493564,0.1061336048815504,-0.0555867150225561,0.09242404837498204,0.1828881785639298
R1_m-33a7ca0821c8.json,R1,m-33a7ca0821c8,r-05cbd60ed1,complete,,88001,49250,tcn,direct,64,2,0.0,silu,8,2,0.1227994805375868,-0.017046798423968768,0.9363991351918527,1.0084447288197684,-0.1797111261282034,0.04818563790959518,5,0.29619680184618796,0.1676889806985855,0.03841061145067215,0.060048677027225494,70.0,13.834949990268795,14.289500400191173,2400,600,50,5,bab307d2f14f4d78359981bd20c13eeccb30a0492b0719c1ea985b40c652474b,-0.037472299456328795,-0.04374973465624743,-0.04275175052092672,-0.042894982124481285,-0.04374973465624743,-0.04171719168949606,0.15280726370275324,0.16230805617380134,0.11109325354466404,0.160650857700194,0.10155329012805925,-0.05633023116408897,0.09154285965828805,0.1758864371386075
R1_m-341bbd30e225.json,R1,m-341bbd30e225,r-05cbd60ed1,complete,,88001,36770,tcn,direct,64,1,0.0,gelu,8,2,0.12730691095555444,-0.013154353923364281,0.9339753423537192,1.006508329498055,-0.15660716442061062,0.0570022041611411,5,0.29198139863752004,0.14897242188453674,0.047884371131658554,0.05637534335255623,88.0,12.411354994401336,4.111879400210455,2400,600,50,5,20ada9f36127c2ebad707262a908058e918f01cc43e19598d021624cd54a397f,-0.03967686555300931,-0.04034511858139522,-0.042120261853213714,-0.039701526788543884,-0.042120261853213714,-0.04046094319404053,0.15900533324369517,0.16676435146825078,0.11589534765244607,0.1638976331066738,0.10379396135384895,-0.0450586822159766,0.09568905936831677,0.18037211983839055
R1_m-34201a1c5918.json,R1,m-34201a1c5918,r-05cbd60ed1,complete,,88001,29570,transformer,direct,32,2,0.1,gelu,8,2,0.1057330395064728,-0.010779840385014361,0.9456044108860295,1.0053425398907996,-0.012938126545431583,0.05999079004989838,5,0.16603867126442906,0.13506077229976654,0.02409372851252556,0.03943552449345589,70.0,13.685475091915576,4.263852999778464,2400,600,50,5,2d99ab29857e5e00e62455bf273f29dd64a05fe6eae9f7fffe3fc028d1a80eca,-0.029870776794886034,-0.030267884248072807,-0.030117817859039775,-0.030968584240025132,-0.030968584240025132,-0.030306265785505937,0.12196314447750851,0.12402045841559313,0.09557185221793404,0.12248814481681145,0.09615872206121787,0.049213667349029586,0.08863285046692879,0.13572368706901397
R1_m-370cab3d4b82.json,R1,m-370cab3d4b82,r-05cbd60ed1,complete,,88001,36258,tcn,antisymmetric,64,1,0.1,silu,8,2,0.11782475262078917,-0.004385126967246422,0.9391497458026109,1.002157729189189,-0.10113881601837993,0.054256716230446256,5,0.30162625878049903,0.1457187831401825,0.0,0.0,88.0,13.54242502711713,4.57114029978402,2400,600,50,5,81f9bae86b1fa2790ee5af0b699046ae28f412baa357e928eb2f30633655943d,-0.03332330240741377,-0.0301673272304106,-0.032690302503080026,-0.03466949892384208,-0.03466949892384208,-0.03271260776618662,0.13015653357053406,0.15560941569551204,0.1024545152931309,0.1537003501962223,0.10594543030381169,-0.013699500872462944,0.09023986002020015,0.1641770393716636
R1_m-37ecfeb87e50.json,R1,m-37ecfeb87e50,r-05cbd60ed1,complete,,88001,49378,mlp,antisymmetric,64,2,0.0,silu,8,2,0.11634328131871627,-0.003053742613584998,0.9399545034741502,1.0014956202962932,-0.08352729974696183,0.05412057116968749,5,0.283694722096697,0.18826302886009216,0.0,0.0,88.0,10.971579956822097,3.2766136000864208,2400,600,50,5,1ae3e39950f2fa5431b902dc2a92c8b6550d41a00810ebc530fc9fbf16a3805d,-0.031564623665454095,-0.030771489163388566,-0.02649805323416654,-0.03121454713588223,-0.031564623665454095,-0.030012178299722858,0.1294631374165171,0.15199605434896976,0.1021219265235415,0.1526067495941359,0.10306294443863587,-0.01354225257528634,0.08758115885288112,0.16412317145926775
R1_m-393f58cc75db.json,R1,m-393f58cc75db,r-05cbd60ed1,complete,,88001,29058,transformer,shared_branch,32,2,0.0,gelu,8,2,0.1090742939541212,-0.00250945427996927,0.9438686132908307,1.0012337126666557,-0.027749026714776637,0.06592442967099033,5,0.23169309530151966,0.12824898958206177,0.0,0.0,90.0,14.026040025055405,5.277071999851614,2400,600,50,5,a242c27b3a7a11146c1536a93db22ad8c151a29618185324dd7c90b93b5ffff7,-0.025834163605396254,-0.027475963850111418,-0.01734617078366707,-0.024582127402130727,-0.027475963850111418,-0.023809606410326367,0.11733770670674318,0.13276054186380182,0.10156144140033556,0.1407008033564348,0.09643251571093854,0.022255145731608007,0.08497248109291118,0.15032218630718228
R1_m-39a8d671864f.json,R1,m-39a8d671864f,r-05cbd60ed1,complete,,88001,29058,transformer,shared_branch,32,2,0.1,gelu,8,2,0.10664155716027186,-0.0017077817987018796,0.9451545069455476,1.0008353235387648,-0.034312235247954126,0.06251008709628003,5,0.22562571979484197,0.12817998230457306,0.0,0.0,90.0,13.22080489480868,3.996083700330928,2400,600,50,5,e8f229835b05d2c2104a158046c62a10c6516c7af00b285f81547f43d176e1ec,-0.02389319890526509,-0.022948222265104734,-0.015623363547184299,-0.022442174940702442,-0.02389319890526509,-0.02122673991456414,0.11384866088400394,0.13091556569038088,0.09963953713564395,0.13727053726863458,0.09582869100271543,0.017831132247078375,0.08235504999160795,0.1481889378133062
R1_m-40baf05fcce1.json,R1,m-40baf05fcce1,r-05cbd60ed1,complete,,88001,160450,gru,direct,96,2,0.1,silu,8,2,0.12373889261181911,-0.016090377901765218,0.9358637795677718,1.0079641976957698,-0.2897774202341754,0.041852903572379696,5,0.32422259020696376,0.08681845664978027,0.0503033846616745,0.07484307885169983,90.0,14.382120058871802,4.402215600013733,2400,600,50,5,720409d195c21d6b6801729ac7c6a325ebc6f27e4416281386ecffc5836f98da,-0.041966154397896416,-0.0378636935489185,-0.0429147450416707,-0.04336182377503062,-0.04336182377503062,-0.04152660419087906,0.16704689358842403,0.1714865719516382,0.10674270699664164,0.1659777708631585,0.0942055426364757,-0.10502457822140474,0.08980143302429697,0.17970117529880134
R1_m-4170eff5a849.json,R1,m-4170eff5a849,r-05cbd60ed1,complete,,88001,66530,transformer,direct,64,1,0.0,silu,8,2,0.1270055832670385,-0.014774968997152627,0.9341307221769236,1.007319168114132,-0.15862104305419567,0.0552414664427876,5,0.29444464837661466,0.12309345602989197,0.049642618745565414,0.0665663331747055,90.0,11.4361900719814,4.413687500171363,2400,600,50,5,9e547618508c32d332d8591ac6c6244a535507e7bb5f5b9d481ba9c905435a2f,-0.04247107232222547,-0.04342038625568545,-0.04470898898965481,-0.03999075472232705,-0.04470898898965481,-0.04264780057247319,0.1590749114906274,0.16466795844021495,0.11482773923197401,0.16719084499456044,0.10194401809080463,-0.0548709590780815,0.09791189425912365,0.17520070984120953
R1_m-45998a000855.json,R1,m-45998a000855,r-05cbd60ed1,complete,,88001,236098,transformer,direct,96,2,0.0,gelu,8,2,0.13487408251865318,-0.018107955117656883,0.9299310488087791,1.0089771897791648,-0.1983275540012217,0.06755044042574176,5,0.2934729642223649,0.07488984614610672,0.06348872184753418,0.1092848926782608,98.0,14.002505026292054,4.80611989996396,2400,600,50,5,2fc696e10e3fc1ce0aa4b12b2e1160ae751bd62c01d6d83e87e45a9e743c1744,-0.040881699618092515,-0.03930436397964643,-0.032745467972059794,-0.047600082193215876,-0.047600082193215876,-0.04013290344075365,0.17588384941174037,0.17573185366489538,0.120103673353369,0.17353636594561647,0.10481536401014224,-0.06024904088739245,0.10107546031945347,0.18979873178433
R1_m-4850dbb21590.json,R1,m-4850dbb21590,r-05cbd60ed1,complete,,88001,76642,tcn,direct,96,1,0.1,gelu,8,2,0.12500259796550797,-0.01980659140378276,0.9352267323626821,1.009794049648482,-0.2196326277911278,0.0537402360102589,5,0.3011910246210578,0.11386837810277939,0.07434837520122528,0.123238705098629,90.0,10.979960020631548,3.4433666996192187,2400,600,50,5,8ea9a4c0394792c6a5398c13408069fed1948ce810d96e477194f8d240dfedd0,-0.04515568546834037,-0.04530593992758569,-0.052422260414446864,-0.051419176419323254,-0.052422260414446864,-0.048575765557424044,0.1729043062135783,0.16878222247900893,0.10902273832105565,0.16675793119356824,0.08326790323085909,-0.0779831291813902,0.0903815510266784,0.18244829776163812
R1_m-49b072af5e16.json,R1,m-49b072af5e16,r-05cbd60ed1,complete,,88001,107746,transformer,antisymmetric,64,2,0.1,gelu,8,2,0.12207794907253806,-0.004831997400003463,0.9368825304950329,1.0023844362836427,-0.10823920623340677,0.05930176624437067,5,0.302793673315882,0.1009557768702507,0.0,0.0,94.0,14.489109930582341,4.224158999975771,2400,600,50,5,378f98008347e054122c580b2f8a030181535c92f9c6c10eabf8271f099ec0c4,-0.03075968539387186,-0.0283574579411352,-0.03050091012361822,-0.030864204413007412,-0.030864204413007412,-0.030120564467908173,0.1367867884738981,0.1585268312498937,0.10805867694022364,0.15527897189884074,0.11103607017210841,-0.014427365167989281,0.09296246651985876,0.17069719255684213
R1_m-573aa9a5f026.json,R1,m-573aa9a5f026,r-05cbd60ed1,complete,,88001,142786,transformer,direct,96,1,0.1,gelu,8,2,0.12915153955380498,-0.015736998708799875,0.9330141487816593,1.0078003556727952,-0.2672018752776262,0.0567406327805442,5,0.29571948887175803,0.08385588973760605,0.05652176961302757,0.09560444205999374,94.0,11.305564956273884,3.934153599664569,2400,600,50,5,27bdd5d3b0ea53c3cc9e860bfd164ef0074422ccf0a8f62d8f9d361a8d304882,-0.04142159605872253,-0.04368773296761885,-0.041820241850687445,-0.04602845319187154,-0.04602845319187154,-0.04323950601722509,0.16597814687718468,0.17973602312817555,0.11263560308578584,0.17072999365425356,0.10007734148154082,-0.08390324555092114,0.09641901971325972,0.1830271770534721
R1_m-5fc94eb7da8d.json,R1,m-5fc94eb7da8d,r-05cbd60ed1,complete,,88001,29314,transformer,antisymmetric,32,2,0.1,gelu,8,2,0.0947288731129063,-0.0009632367016128241,0.9514288666434325,1.000470447254021,-0.007567085046838118,0.04959247409974454,5,0.1652266752502553,0.17906908690929413,0.0,0.0,90.0,13.886430044658479,4.544510900042951,2400,600,50,5,a216c217ad742597ec340342f5a6991343d312ef355521519401c10884d8db5f,-0.0165524038855549,-0.016804926085864702,-0.01330217956583124,-0.016956417575599847,-0.016956417575599847,-0.015903981778212672,0.09543489046286406,0.11135066387923753,0.08554386821677232,0.1156815133665539,0.09397697657158244,0.05130420397575948,0.0745607892889651,0.1292477395191119
R1_m-5fc9bfd56138.json,R1,m-5fc9bfd56138,r-05cbd60ed1,complete,,88001,104578,gru,direct,96,1,0.1,gelu,8,2,0.11936354143487231,-0.02080155842706115,0.9382454438307419,1.0103137443405932,-0.23406956176371674,0.04895273003696421,5,0.3164291964613516,0.10217558592557907,0.059047967195510864,0.08928365260362625,90.0,10.125274932943285,2.509929500054568,2400,600,50,5,99a8c93f8eb2a54438822b3cb263a95e748b4edd2d1a54e11d78f8bc6b72d5e1,-0.04417818820374131,-0.038757805163047054,-0.037731421262487075,-0.047761268396091294,-0.047761268396091294,-0.04210717075634168,0.1624135281005871,0.16891883898831495,0.09885884847564294,0.1629178818760443,0.09089654212100004,-0.10886358388098709,0.08663524703934182,0.17321102621218068
R1_m-6d253ca36751.json,R1,m-6d253ca36751,r-05cbd60ed1,complete,,88001,17442,mlp,antisymmetric,32,1,0.0,gelu,8,2,0.09220506172274272,-0.002391305150645362,0.952762546602256,1.0011781329760132,-0.019572818486428556,0.05074934983029444,5,0.1579212150411132,0.2746298909187317,0.0,0.0,66.0,14.116944931447504,4.324538700282574,2400,600,50,5,f4bf11223f8fca6f31cdf16720ad5dca67157cc9416f08afc8d1171510af87f3,-0.020322545997377706,-0.020099401712288856,-0.02228562200885631,-0.02094848432967522,-0.02228562200885631,-0.020914013512049523,0.08991740139285634,0.11069695423856882,0.08345350333349248,0.11186240347779682,0.09285796664630126,0.04762770893280135,0.07418200461448818,0.12327512097120093
R1_m-6dfc56db5077.json,R1,m-6dfc56db5077,r-05cbd60ed1,complete,,88001,49250,gru,direct,64,1,0.1,gelu,8,2,0.12435004334953677,-0.01543760640890024,0.9355889460762729,1.0076552823357992,-0.15287100780930651,0.06042242972443279,5,0.25348561352711724,0.11575950682163239,0.04300566017627716,0.06516677886247635,88.0,13.720904942601907,4.186065600253642,2400,600,50,5,6d9a0f15537931a3272ccda610b0edb8b9ef108b1af3c74e6c3afc51030d0ff7,-0.035883432610144705,-0.03871668873725698,-0.03994925938549243,-0.03368570851920172,-0.03994925938549243,-0.03705877231302396,0.15705238359367243,0.1583881646165825,0.11687168403274499,0.15462445022895704,0.10056986311094526,-0.02657044938319215,0.09717372506109656,0.16974813524337548
R1_m-820c8a3f6eba.json,R1,m-820c8a3f6eba,r-05cbd60ed1,complete,,88001,17698,mlp,direct,32,1,0.0,silu,8,2,0.108213559789085,-0.012403141455013245,0.9442424494656041,1.006161332220887,-0.047348935608454434,0.054497745901104566,5,0.18152311866487514,0.25249165296554565,0.022821560502052307,0.03202270343899727,86.0,9.920329973101616,3.7527648999821395,2400,600,50,5,0de8dbab297c95338bec8bd55d0329b68d30510b14fd46d652a05059c2355e44,-0.029420842097045208,-0.03006748975939799,-0.028472205479169288,-0.030017761175637148,-0.03006748975939799,-0.02949457462781241,0.12233663579103485,0.12740805157175786,0.09991657676083196,0.12889789154688153,0.09996373388999899,0.04069407172131782,0.08904535821174542,0.14067246145779272
R1_m-8702027339db.json,R1,m-8702027339db,r-05cbd60ed1,complete,,88001,103810,gru,antisymmetric,96,1,0.1,silu,8,2,0.12295659666900745,-0.003214665831428931,0.9364039656859415,1.0015703541032652,-0.11579739927046862,0.05232688728996571,5,0.34126138658053107,0.09268403053283691,0.0,0.0,90.0,12.270529894158244,3.826670799870044,2400,600,50,5,73a499a4da362ddd97ba0a57a2923d9510ef4777ed6ff31f33440e46978e0ea7,-0.030939237690018828,-0.029706669638589034,-0.033623432958030275,-0.034597792916486014,-0.034597792916486014,-0.03221678330078104,0.14330180708146295,0.16379743668493454,0.10480180513138822,0.162502984147831,0.10343011971143681,-0.0245416852803378,0.09062527555770253,0.1769692060801945
R1_m-8a2cdaf6658d.json,R1,m-8a2cdaf6658d,r-05cbd60ed1,complete,,88001,108258,transformer,direct,64,2,0.0,gelu,8,2,0.1275902485340179,-0.015459812164629771,0.933830060610779,1.0076537180937957,-0.15821786961430018,0.05774924768624634,5,0.2890305451297477,0.09067317098379135,0.04503512755036354,0.06672942638397217,94.0,12.29601992527023,3.9118230999447405,2400,600,50,5,39d9fab1b1fd062dc3788f318a2a47c9c2c14ea8724af8dceb9a24ef2539a782,-0.04524664833699177,-0.04573383231167649,-0.04688966521550042,-0.04313835004424171,-0.04688966521550042,-0.0452521239771026,0.1611065393628101,0.16403689224050563,0.11792580451807097,0.16411867510413708,0.10156210557662657,-0.04961727539911054,0.09939262961255495,0.17459132663641058
R1_m-8db713a4c485.json,R1,m-8db713a4c485,r-05cbd60ed1,complete,,88001,103042,gru,shared_branch,96,1,0.1,gelu,8,2,0.12803725829199858,-0.0015362043594979724,0.9336856537535866,1.0007458263886397,-0.16772574079850688,0.05174554883874205,5,0.3848370334250034,0.10267739742994308,0.0,0.0,102.0,12.482385081239045,4.373431500047445,2400,600,50,5,752d3bbca19fefce800f868e51e47584a3cd242cfdcd29335e6d06574c3894ca,-0.024488303814279355,-0.020382813689189927,-0.022948314101883582,-0.02502271218837193,-0.02502271218837193,-0.0232105359484312,0.1530756899821813,0.1692244734248003,0.10349183279233316,0.17546660888672524,0.10355576100314241,-0.03702774593867695,0.09504772013557031,0.1825830502759371
R1_m-8dcafff2218a.json,R1,m-8dcafff2218a,r-05cbd60ed1,complete,,88001,49250,gru,direct,64,1,0.0,silu,8,2,0.1239196124815031,-0.01510350093575068,0.935810750055561,1.0074816751136484,-0.1627967209214125,0.05693232446317775,5,0.26649765391761326,0.10546267032623291,0.04453625530004501,0.06375864893198013,88.0,8.052939979825167,2.784147399943322,2400,600,50,5,fd162b767f6c9ee46f8f27a0b393024fca65cca30cb74934d0427ef40be4076f,-0.04259641721272733,-0.04010511400000638,-0.04305622500700301,-0.0386554620607642,-0.04305622500700301,-0.04110330457012523,0.15536059890229667,0.15856955809743348,0.11805398948478225,0.15706634067998232,0.09898256278418105,-0.0352645502975335,0.09530062375520673,0.1713515199265489
R1_m-93db8d5ed69a.json,R1,m-93db8d5ed69a,r-05cbd60ed1,complete,,88001,91714,mlp,shared_branch,96,2,0.1,gelu,8,2,0.12456365130571016,-0.002648677476643413,0.9355376623153251,1.0012979983201642,-0.21888856531529166,0.05213360772003883,5,0.3834660759109878,0.1618138700723648,0.0,0.0,88.0,8.476600155699996,2.655960900010541,2400,600,50,5,a67c0ded368cd822b6e87498209fef9642435d09d5ba23942e977fcbf2bb477e,-0.027648844260297345,-0.026953326730617677,-0.021348194822988997,-0.0272218372028743,-0.027648844260297345,-0.02579305075419458,0.15903212158840968,0.1652191074097177,0.09689817602000186,0.1709629069842718,0.11170524925687442,-0.09409304261762272,0.09168158248469967,0.17885223812885026
R1_m-9500813e9009.json,R1,m-9500813e9009,r-05cbd60ed1,complete,,88001,49250,gru,direct,64,1,0.1,silu,8,2,0.12334407254202899,-0.015520621301388694,0.9361108128491699,1.0076936739241396,-0.15855602407659375,0.0554908322224531,5,0.2640637186798747,0.10724592208862305,0.04318445920944214,0.06327175348997116,88.0,13.27558004995808,4.14745320007205,2400,600,50,5,9ec5a39375cfe509853586fc4fb55d9a655b796f606f228b4d8b1fb717d33905,-0.03812845123164288,-0.03999808216626666,-0.041479264543626826,-0.03671165409475874,-0.041479264543626826,-0.039079363009073775,0.15472199558753852,0.15852350781853175,0.11688361800138329,0.1556778100935985,0.0999018038193437,-0.035696734304195864,0.09488362807603094,0.1705764055246991
R1_m-9919a5db1b9a.json,R1,m-9919a5db1b9a,r-05cbd60ed1,complete,,88001,65506,transformer,shared_branch,64,1,0.0,silu,8,2,0.12694998695796064,-0.002986319718567332,0.9342279071461993,1.001462957007195,-0.1783533707467193,0.05257009050413264,5,0.3822921971007294,0.12139492481946945,0.0,0.0,90.0,14.46453507523983,4.974038200220093,2400,600,50,5,a3796970975a9eb89ff490fb496173e849f20716f3f9877d0f2ed394a34b1ec9,-0.022959909390307676,-0.021865086800557654,-0.022976642040917206,-0.02243866352777002,-0.022976642040917206,-0.02256007543988814,0.161094908769759,0.16883759197987072,0.10457522864953814,0.17198106630970017,0.10700501863201924,-0.07867751559655038,0.09317345350041065,0.18223437901680956
R1_m-9a27c224c2fa.json,R1,m-9a27c224c2fa,r-05cbd60ed1,complete,,88001,20482,gru,antisymmetric,32,2,0.0,silu,8,2,0.08796220099234756,-0.0035584175748577308,0.9549812238734845,1.0017621984649576,-0.01984506007061393,0.04833175723073846,5,0.15249730968547545,0.20459705591201782,0.0,0.0,88.0,14.281469990964979,4.552561899879947,2400,600,50,5,453256fe3b154babff64138bd035afa27c46208e6542637424a8200598fc6a57,-0.02509036167886136,-0.020688054256252197,-0.022521717914471884,-0.02293000640928744,-0.02509036167886136,-0.02280753506471822,0.08552964408298172,0.10940873309229078,0.08246594235050105,0.1088173896840721,0.08357264427227598,0.03594189403524053,0.06857638949388829,0.12046339167529588
R1_m-9e198fb46448.json,R1,m-9e198fb46448,r-05cbd60ed1,complete,,88001,235330,transformer,antisymmetric,96,2,0.1,silu,8,2,0.124992002342902,-0.0028960974037395724,0.9353102078349658,1.0014217120754132,-0.2139959871767636,0.05770150099771043,5,0.37067435117538644,0.07362610101699829,0.0,0.0,100.0,16.71592505881562,5.410819199867547,2400,600,50,5,a2ec371f4a4246ad81f41972d70331b830b701dc6809e8895ec5af6de7afa9c8,-0.022556724262120742,-0.022265003928538807,-0.01921076541437139,-0.023173676265778376,-0.023173676265778376,-0.02180154246770233,0.15102107971135104,0.16747208953048168,0.10023727414144182,0.17076175555256853,0.10813339155988097,-0.06267587324731916,0.09206981935277399,0.17910741609907588
R1_m-9f995fb985ec.json,R1,m-9f995fb985ec,r-05cbd60ed1,complete,,88001,83746,mlp,direct,96,1,0.0,silu,8,2,0.1252275204881584,-0.012096040372830696,0.9351106535450974,1.0059907050560895,-0.2796333480537416,0.04884918445147146,5,0.32220140384674234,0.1561231017112732,0.06189069151878357,0.09224873781204224,88.0,9.924434998538343,3.005243699764833,2400,600,50,5,00c410b102580ac4e04fa26a77259bd0a3c481c8945ccf6120966d94359724b5,-0.04193584464709077,-0.037754005786568845,-0.03073984041705602,-0.041408906583700666,-0.04193584464709077,-0.037959649358604075,0.17416805319959225,0.17310358364063688,0.11049315281077599,0.1666703492147042,0.09336631099972692,-0.12147729230141935,0.09252602234589709,0.17931232818362636
R1_m-9fedb989ce8d.json,R1,m-9fedb989ce8d,r-05cbd60ed1,complete,,88001,18818,mlp,direct,32,2,0.1,silu,8,2,0.10433731858878163,-0.011536638216258365,0.9463309241239115,1.005726917045771,-0.030842058091766544,0.05629610279120634,5,0.16549862014210204,0.2369338423013687,0.023910481482744217,0.032626956701278687,86.0,12.651534972246736,4.097459699725732,2400,600,50,5,fee2ac025c31b270c3b9c8c9bf4f514056d9efd1926c56a260936043adbe9f09,-0.031482744132385054,-0.031032759030401813,-0.029708871229766842,-0.029801155317222605,-0.031482744132385054,-0.03050638242744408,0.11916424725402464,0.12220563776783426,0.09240297949357557,0.12533367019144678,0.09394160630293458,0.05152742339209308,0.08576493452271032,0.13599215491037872
R1_m-a5d37705e408.json,R1,m-a5d37705e408,r-05cbd60ed1,complete,,88001,45602,mlp,direct,64,1,0.0,silu,8,2,0.12381575699612812,-0.016550764335740632,0.9358521781239014,1.0081994384305162,-0.17132806778682053,0.058017995963908775,5,0.29829734134022723,0.18364953994750977,0.04904096573591232,0.05930902808904648,88.0,9.463545016478744,3.353559100534767,2400,600,50,5,1bb95b899582f7b5ec5ae8329cc885a019ab453aad16d24454867f5d85718c4b,-0.04091251416313746,-0.03916014739142781,-0.04294571909204681,-0.042785985520565006,-0.04294571909204681,-0.04145109154179427,0.1608798800969857,0.16151604825229365,0.11383760608769466,0.1605169632946763,0.0943029075390879,-0.05976104483373608,0.09427077108034218,0.17281000500215843
R1_m-a60e3408fec5.json,R1,m-a60e3408fec5,r-05cbd60ed1,complete,,88001,44578,mlp,shared_branch,64,1,0.0,silu,8,2,0.12426363732652075,-0.0026131059991552743,0.9357195556256375,1.001269689276953,-0.14437913711410078,0.06494170746345174,5,0.3596854819061218,0.19328320026397705,0.0,0.0,68.0,10.418115009088067,6.630782300140709,2400,600,50,5,afbbea7424eeaf5f38d908d5a0281aa91fe52a75929612afbb33594efd2f37a0,-0.021733887107495686,-0.02541480925206341,-0.025092975161490116,-0.02349913836377504,-0.02541480925206341,-0.023935202471206063,0.14889495573310635,0.16882943957438606,0.10073736006802506,0.165695383616641,0.10618801476558315,-0.04697506082033227,0.09251869001847442,0.1769331673311927
R1_m-a648633c7c48.json,R1,m-a648633c7c48,r-05cbd60ed1,complete,,88001,65506,transformer,shared_branch,64,1,0.1,gelu,8,2,0.1246543729875315,-0.0021022251028753438,0.9354534458904501,1.0010228106480188,-0.1579775474381937,0.04441740666270888,5,0.3726130080282287,0.12739209830760956,0.0,0.0,92.0,11.415704875253137,4.20661470037885,2400,600,50,5,2424900e116e91c30d3dcee7864f2cbb313e5eeaa113daf7e174928447692486,-0.024716676131701254,-0.021026167706996945,-0.02383648311034592,-0.023014810457774093,-0.024716676131701254,-0.023148534351704553,0.16063770431538588,0.16636785329110065,0.10267367440091302,0.1688095024719524,0.1039514206890029,-0.08562398967340609,0.0923100146036411,0.1778291868818774
R1_m-a7214bb17966.json,R1,m-a7214bb17966,r-05cbd60ed1,complete,,88001,75874,tcn,antisymmetric,96,1,0.0,silu,8,2,0.126076980284852,-0.0026766770070373092,0.9347450570943288,1.0013092879639889,-0.14245407518547037,0.06046387246970608,5,0.3744963159830154,0.1034003272652626,0.0,0.0,90.0,12.775170011445876,3.996743799885735,2400,600,50,5,e9af0fba42077aad7fd92ba986a8e7ed4c08e4261386e36589f9bb0544b7bb3d,-0.024426118986328182,-0.026451735926784847,-0.025804868113807,-0.026947555592132355,-0.026947555592132355,-0.025907569654763096,0.15285894805217062,0.16295594824293194,0.1057230867326546,0.17239578580506693,0.10434723952410123,-0.046516136539653544,0.09460715312047874,0.17818231686840574
R1_m-aba04b6fcb8d.json,R1,m-aba04b6fcb8d,r-05cbd60ed1,complete,,88001,66018,transformer,antisymmetric,64,1,0.1,silu,8,2,0.11940622175474747,-0.005045806644410211,0.9383072722198559,1.0024916317455819,-0.10457946901360948,0.056175197177805836,5,0.3002208301703543,0.12127073109149933,0.0,0.0,92.0,12.28656488237902,4.095697500277311,2400,600,50,5,17431dc547169b92d870b27bcfc8e0f7ed8dad52452fb30fc92c97db70a92dec,-0.03072106593453383,-0.028896094582822274,-0.03220505967108034,-0.03087774713704028,-0.03220505967108034,-0.03067499183136918,0.13222287548370998,0.1565278390497164,0.10460976200277221,0.15563714252858438,0.1089296403124385,-0.01772689782637211,0.09014767488895589,0.16849063014829652
R1_m-ada97bb3738a.json,R1,m-ada97bb3738a,r-05cbd60ed1,complete,,88001,20482,gru,antisymmetric,32,2,0.0,gelu,8,2,0.0867856976013763,-0.003448866821720764,0.9556003801621555,1.0017089633987148,-0.012472956277706171,0.0466454396724727,5,0.1475670656924141,0.20809125900268555,0.0,0.0,88.0,13.397124991752206,4.497920399997383,2400,600,50,5,0261a8f753202d1ffedebf258b4de7aa7045521d64479fab235bb045a54e9918,-0.02413996487381609,-0.02011216563271212,-0.02160319129119226,-0.02220050704647547,-0.02413996487381609,-0.022013957211048985,0.08419815808019623,0.10706436575092577,0.08167164461136622,0.1070199480942047,0.0816251778051417,0.040974003127541715,0.06779446342359752,0.11876273676899254
R1_m-b09a55d54ebd.json,R1,m-b09a55d54ebd,r-05cbd60ed1,complete,,88001,18818,mlp,direct,32,2,0.1,gelu,8,2,0.10341146145902384,-0.012131158400914588,0.9468275719241135,1.0060222164681587,-0.027434606004377304,0.05667578386527916,5,0.16156695309368857,0.24850063025951385,0.023770689964294434,0.03675062954425812,86.0,10.636959946714342,3.759371400112286,2400,600,50,5,69197433c45d3c82a5cc815160c5b0532ae293bbe4279013bc861343bf9a6990,-0.030503449766783097,-0.029514188096276817,-0.02953263716753929,-0.02906162759250641,-0.030503449766783097,-0.029652975655776403,0.1182805682634446,0.12050957531662246,0.09278210376398595,0.12314687841663505,0.09198634268584811,0.054756058480810534,0.08530370912711778,0.1343710858079305
R1_m-b3a8b1c508b4.json,R1,m-b3a8b1c508b4,r-05cbd60ed1,complete,,88001,36258,tcn,antisymmetric,64,1,0.0,silu,8,2,0.1192172454238484,-0.005506356226533416,0.9384074264427061,1.0027115158499635,-0.10575782114445875,0.05533050253020311,5,0.30695981031752667,0.1460130363702774,0.0,0.0,68.0,11.344369919970632,2.877119999844581,2400,600,50,5,b8e5f925a09e785b9de526004a5b5dd6a12019ade5c2d2bde9413825be6290c7,-0.03557914894780967,-0.03250650052598569,-0.03545333153957486,-0.037848918799455955,-0.037848918799455955,-0.035346974953206545,0.13213798647846647,0.15702238693240578,0.103539391947356,0.15531343132782208,0.1064101992270898,-0.011864565542690131,0.09115425203432263,0.16637614083080796
R1_m-bab63fe33ce4.json,R1,m-bab63fe33ce4,r-05cbd60ed1,complete,,88001,66018,transformer,antisymmetric,64,1,0.0,silu,8,2,0.12165259880541139,-0.004763444260922944,0.9371010085050873,1.002349794838452,-0.10792532138555577,0.057008701696107056,5,0.3070747849720303,0.12309662252664566,0.0,0.0,90.0,15.4469549190253,4.728732399875298,2400,600,50,5,336b64f16fbb2367e5bd7bb3ef8f71520404c0de00ffd2476da38143aa7cec2d,-0.029101755269689944,-0.02701043549028115,-0.031131446011180897,-0.029758662952876547,-0.031131446011180897,-0.029250574931007134,0.13625036144622815,0.15846028739442217,0.10611119291209747,0.1576262367544279,0.11023614013348929,-0.014194233200763916,0.09201139594226526,0.1713509596586444
R1_m-bc286b13f64a.json,R1,m-bc286b13f64a,r-05cbd60ed1,complete,,88001,159682,gru,antisymmetric,96,2,0.0,silu,8,2,0.12216857946574047,-0.0033710926003047703,0.9368324743780443,1.0016594688126497,-0.16885643581899967,0.05951754600172543,5,0.34134423912759543,0.08762041479349136,0.0,0.0,90.0,11.200019950047134,4.330109700327739,2400,600,50,5,af6deafdc9a5856a7fc6d1588ac1e652e1e2d74819771052a0d3f1345cbd5c81,-0.02839913095240232,-0.027677619275831233,-0.02578916646543039,-0.027349334507314138,-0.02839913095240232,-0.02730381280024452,0.14439677473880638,0.16429449578936522,0.10638655232989094,0.16468189676512276,0.10136155208941566,-0.051279861355665354,0.09131221866350044,0.17349052726903644
R1_m-beba8a023fb1.json,R1,m-beba8a023fb1,r-05cbd60ed1,complete,,88001,142786,transformer,direct,96,1,0.0,silu,8,2,0.13044598662791876,-0.016752841033939835,0.9323137904414315,1.0083056461781523,-0.2716327040852149,0.05611683603911366,5,0.30174492650430873,0.08126669377088547,0.06008594483137131,0.09924797713756561,94.0,14.038779819384217,4.607372300000861,2400,600,50,5,2ef70d4c1ca9bbb1f60fac32525e7d015be1a242af1bca2ae2623273633d3f84,-0.035972196911028265,-0.042830351817077394,-0.0353608960320666,-0.04155480104690801,-0.042830351817077394,-0.03892956145177007,0.16984932164465513,0.18154759179363905,0.11268368589427438,0.17273288736607517,0.09966399679006999,-0.08971978538513166,0.09678435570118944,0.18583286859878073
R1_m-bf98a1814847.json,R1,m-bf98a1814847,r-05cbd60ed1,complete,,88001,48226,gru,shared_branch,64,1,0.0,silu,8,2,0.12228408168309628,-0.0020761758348452506,0.9367728252097406,1.001009374654884,-0.1570956432592283,0.059840439567693804,5,0.34754837780933096,0.115317702293396,0.0,0.0,94.0,5.855984974186867,2.1712940002325922,2400,600,50,5,94f101f4f7be69eaeedd967f0dd082cb7be0b15ed4d53b2770dab15545183f8e,-0.026331571275187038,-0.030299443225723754,-0.027798646678996786,-0.02433466499603809,-0.030299443225723754,-0.027191081543986417,0.14639842662034702,0.16080048849966233,0.1037896561419444,0.16612901494506066,0.10130268453620854,-0.04717338445521639,0.09114839371959968,0.17404870666092936
R1_m-c138d9a31cfd.json,R1,m-c138d9a31cfd,r-05cbd60ed1,complete,,88001,13890,tcn,shared_branch,32,2,0.0,silu,8,2,0.10962695787718875,-0.005016180568578621,0.943566868207888,1.0024799384627585,-0.05342318678076219,0.05469755083799288,5,0.24441912729631232,0.26049908995628357,0.0,0.0,68.0,8.960355049930511,7.429734899895266,2400,600,50,5,eae50d29c4355f9282399b9e2c58c84d33af87081238b38fb6bc5ef296ca2223,-0.03119195637976091,-0.028453255329097704,-0.02718965968182152,-0.03078262780546437,-0.03119195637976091,-0.029404374799036126,0.11319792732920608,0.14441293848049944,0.10137235452623009,0.14026275849180533,0.09612038969792311,0.0133382177414332,0.08404583753564751,0.15254632630632117
R1_m-c40ac8c8a0c3.json,R1,m-c40ac8c8a0c3,r-05cbd60ed1,complete,,88001,82978,mlp,antisymmetric,96,1,0.1,silu,8,2,0.11940114768353735,-0.004323291933485862,0.9383124013811056,1.0021289367923913,-0.14650480191252835,0.05453889940005585,5,0.3463596860101785,0.15123815834522247,0.0,0.0,88.0,12.932420067954808,4.0698146999347955,2400,600,50,5,ea8c1832c202169c40eb572baf1ed66c9960d1ed3194ca5073822283a4713a82,-0.02825805935955028,-0.026286428395052353,-0.026076893910541132,-0.025195538039488596,-0.02825805935955028,-0.02645422992615809,0.1430391264519026,0.1629120926923264,0.09913524361714346,0.16381221416258232,0.09813427559312557,-0.05895248151806831,0.08870253694955874,0.1701605684610499
R1_m-ca64ae709933.json,R1,m-ca64ae709933,r-05cbd60ed1,complete,,88001,73698,gru,antisymmetric,64,2,0.0,silu,8,2,0.11529984631993026,-0.0032511214494335807,0.9405344515533984,1.0015913521872046,-0.07951689548585983,0.057434535679575904,5,0.27081182985007113,0.13453519344329834,0.0,0.0,88.0,10.050480067729948,2.5860957000404596,2400,600,50,5,b20e7def54a8c56f3c5fd59f61fd3cf8352514acfb50fc43ed222662a00f9717,-0.032100394092008155,-0.03644057747491103,-0.033096769648516045,-0.03406346766828938,-0.03644057747491103,-0.03392530222093115,0.1277300379309562,0.15047907614433292,0.10381151418755397,0.14882212032368752,0.10116087531521026,-0.009480537527060396,0.08736345500409977,0.16206504081734519
R1_m-cb8e5da2962c.json,R1,m-cb8e5da2962c,r-05cbd60ed1,complete,,88001,48866,mlp,shared_branch,64,2,0.1,silu,8,2,0.12087841882037793,-0.003832566597701237,0.9374917540931103,1.0018791077706404,-0.20346750677241388,0.05543018232570107,5,0.36714711936090483,0.17609065771102905,0.0,0.0,88.0,10.217229963745922,3.532660699915141,2400,600,50,5,15fbf25b1f8736c239d3d139ee5f699acc498a1ec9c40d9625d569b2cd8b9ffa,-0.031899233897973556,-0.03225276014989831,-0.028924292793563344,-0.03099878564441938,-0.03225276014989831,-0.031018768121463647,0.1492444984401577,0.16481100356012365,0.10108378470929469,0.16665627507506875,0.09710067936015498,-0.07365682304174452,0.08919135338461019,0.17281933435289434
R1_m-d175f14b1019.json,R1,m-d175f14b1019,r-05cbd60ed1,complete,,88001,83746,mlp,direct,96,1,0.1,silu,8,2,0.12301095379620004,-0.014766469645929203,0.9363013707398002,1.0073234611307087,-0.2791222890412277,0.04832159454539098,5,0.3234358700462494,0.15386223793029785,0.059134144335985184,0.08806496858596802,88.0,10.392989974934608,3.783922199625522,2400,600,50,5,de5c8c9b66324ffb64f58cdf9679f6312b07154b98947b839a4365338794faaa,-0.04148094952482717,-0.03827896015125587,-0.02998808443370682,-0.04345838533003632,-0.04345838533003632,-0.038301594859956545,0.17110305246241603,0.17014181754359994,0.10910462156964489,0.16597004601360205,0.09372620870714617,-0.13181780935988244,0.09043811055064446,0.17695074891217907
R1_m-dac4b7e2cec0.json,R1,m-dac4b7e2cec0,r-05cbd60ed1,complete,,88001,82210,mlp,shared_branch,96,1,0.0,silu,8,2,0.13027444299945037,-0.002532714550861703,0.932489369198606,1.0012498562686758,-0.25538628202465796,0.06595279051757841,5,0.3994295506036252,0.16095517575740814,0.0,0.0,88.0,11.321524926461278,3.8659982001408935,2400,600,50,5,3c075e2cfe677ef2f5c475d451edf892ae579d5698b900eacb7190d3f230414d,-0.016743301197223337,-0.01694713181356078,-0.013469817401741802,-0.01220758093027463,-0.01694713181356078,-0.014841957835700137,0.16614654891522432,0.17182858976076218,0.09541366969866746,0.17828794547537954,0.1066639250678959,-0.04959168824956044,0.09452391144078968,0.18832106138527024
R1_m-dda77a678cfb.json,R1,m-dda77a678cfb,r-05cbd60ed1,complete,,88001,93250,mlp,direct,96,2,0.0,gelu,8,2,0.12369912425793361,-0.015804509528868516,0.9359538157946992,1.0078377013816058,-0.23052542221135308,0.04856631210315876,5,0.3145675411138871,0.14959168434143066,0.0477549284696579,0.08754406869411469,88.0,11.390829982701687,3.831630100030452,2400,600,50,5,fd56696d1f220bd69426ca4a56a9991cb50f39aea7a7fd3deb6fe4962be0bd34,-0.033992810215397684,-0.0309115241046809,-0.030969572615443086,-0.03416933287535606,-0.03416933287535606,-0.03251080995271943,0.17079336417758112,0.1711863980547217,0.11223807101636576,0.15921580352257475,0.09324314472329823,-0.1039654317911625,0.09064518008109776,0.17855027711885407
R1_m-e1046409d059.json,R1,m-e1046409d059,r-05cbd60ed1,complete,,88001,158914,gru,shared_branch,96,2,0.0,gelu,8,2,0.13235562898878653,-0.002562608576684222,0.9313821975941545,1.0012602922426672,-0.18213218089765992,0.0656059703294194,5,0.39332128175805775,0.1015198603272438,0.0,0.0,90.0,11.73440497368574,3.420979800168425,2400,600,50,5,8ceb6f0d3dcc854c082c06f26b749889c911d2a717bb165a990b09a1ef0c4073,-0.021154137670988726,-0.02326152269792825,-0.02120085958316653,-0.021316227951983846,-0.02326152269792825,-0.02173318697601684,0.16596587378197802,0.17357446625460407,0.10791939909359442,0.17561136517581521,0.10368483095554877,-0.033062459238165795,0.09731017958484203,0.18985040788935986
R1_m-e27868141735.json,R1,m-e27868141735,r-05cbd60ed1,complete,,88001,48226,gru,shared_branch,64,1,0.0,gelu,8,2,0.12343282965170847,-0.0016182693857502485,0.9361907672472534,1.0007849263240831,-0.1290231390036689,0.06530894064922588,5,0.3318060620124723,0.12413956969976425,0.0,0.0,88.0,10.332905035465954,3.187414600048214,2400,600,50,5,77fe4928d16af4894eef25e80324daca0b7502fec59931a57056bf2407deb3fe,-0.024105518405432402,-0.029834194644665857,-0.025979097495032466,-0.021830614919412517,-0.029834194644665857,-0.02543735636613581,0.14457180341044823,0.15700349276882825,0.10786056249068825,0.16544552342264396,0.1019753270510458,-0.0223516666263218,0.09364948847327129,0.17319219588613838
R1_m-e8303caeab0f.json,R1,m-e8303caeab0f,r-05cbd60ed1,complete,,88001,36258,tcn,antisymmetric,64,1,0.1,gelu,8,2,0.11727733931403199,-0.0034398337766326837,0.9394579936355436,1.001691596470046,-0.07448331713803169,0.05480078537414068,5,0.28625357303959154,0.1519627720117569,0.0,0.0,88.0,11.631979863159359,4.173846999881789,2400,600,50,5,7ced59778331932f7f094f68301aab9a506bdc7bce02278167b5ac5c308f9636,-0.030719702522758352,-0.02849670705211893,-0.030713784553688228,-0.03161573371059956,-0.03161573371059956,-0.030386481959791267,0.12798367296914387,0.15242253604272216,0.10332543679640885,0.1515551551626168,0.10439872562058927,0.002407639204161427,0.09029681836995887,0.16283802374173334
R1_m-e8de008f020f.json,R1,m-e8de008f020f,r-05cbd60ed1,complete,,88001,75106,tcn,shared_branch,96,1,0.0,gelu,8,2,0.13744545276996253,-0.002734652356785827,0.9286822741329595,1.0013372240657195,-0.23515526613949245,0.07077992342608896,5,0.40961851487184087,0.10943617671728134,0.0,0.0,90.0,12.100784957874565,4.274881799705327,2400,600,50,5,df2d945488e079b7375f3511afa22c01e92bf2704b24d7f3e2fe3b4316557094,-0.015714272510875205,-0.021381281708350963,-0.017293456596633172,-0.016908731488289197,-0.021381281708350963,-0.017824435576037134,0.17680345318680588,0.1686922843912143,0.109475315589826,0.17633126020938789,0.10929552795039894,-0.007377544264419567,0.10337920593356612,0.19378279532502024
R1_m-ede5f80a9065.json,R1,m-ede5f80a9065,r-05cbd60ed1,complete,,88001,20226,gru,shared_branch,32,2,0.1,silu,8,2,0.10728453988717927,-0.004937983169064242,0.9447948396807584,1.0024407497030317,-0.07121015821490229,0.05563758512177919,5,0.2426912407346642,0.20217610895633698,0.0,0.0,88.0,8.108695002738383,2.614878000225872,2400,600,50,5,733e78a97c0fe8cef61c0cb199c3fbc534fe00a57c06426c1d0e9e7fd5d91cf3,-0.030709563202249157,-0.02512749789650437,-0.027003773146133003,-0.031278928393342564,-0.031278928393342564,-0.028529940659557274,0.11152270943217571,0.140788423642499,0.09573361137594538,0.14216044492357346,0.10050205249309818,-0.014501853090152127,0.08149591581841661,0.15037903284682033
R1_m-f57f1f8c2403.json,R1,m-f57f1f8c2403,r-05cbd60ed1,complete,,88001,49250,tcn,direct,64,2,0.0,gelu,8,2,0.12335930411879655,-0.01574099862871039,0.9361049821128569,1.0077990506050836,-0.17109210458773094,0.05234569601235928,5,0.29303199975528077,0.17553551495075226,0.04145336151123047,0.06713354587554932,90.0,10.849400039296595,11.177046899916604,2400,600,50,5,7cd8fe11f6e9f1b5c7b7d3a10eb576f8485819f688e07c5233d6539ad469ba9d,-0.03525258075225324,-0.041899156396404624,-0.04098454257539541,-0.04099592805383789,-0.041899156396404624,-0.03978305194447279,0.15488160998232975,0.1624413352432827,0.11070852545591843,0.1590650918920372,0.10232758314412856,-0.048587985529625954,0.09258401202431062,0.17569836356180885
R1_m-f6e372083c76.json,R1,m-f6e372083c76,r-05cbd60ed1,complete,,88001,29058,transformer,shared_branch,32,2,0.1,silu,8,2,0.10818465563122996,-0.0022601120881386326,0.9443378041237059,1.001108286419294,-0.05712757712857841,0.05993768039395275,5,0.23905114042891795,0.1309376209974289,0.0,0.0,90.0,9.768200013786554,3.4353295997716486,2400,600,50,5,c4d3ac22a854d78e3716a01b44e372b7f9e7737832d0104066825a255ae1b920,-0.02498020736173845,-0.02527866851225835,-0.018404430545001516,-0.024323540906546093,-0.02527866851225835,-0.023246711831386102,0.11622764511283874,0.13473248770722224,0.099263236258109,0.14217239503261647,0.09793934331099344,0.004836586101148499,0.08307035701749066,0.1511141786015172
R1_m-f9b103f48b51.json,R1,m-f9b103f48b51,r-05cbd60ed1,complete,,88001,49250,tcn,direct,64,2,0.1,gelu,8,2,0.12093266527566773,-0.014962773360003557,0.9373888000497974,1.0074168631763385,-0.17747500812842798,0.04828112179726085,5,0.2898270446915294,0.1765858381986618,0.0406973622739315,0.06941834837198257,90.0,11.884190002456307,14.022609199862927,2400,600,50,5,0e2f44b57602fd9dfbd4c27495e62f450faadab3a574f8475358e299353a8b35,-0.034451542869356366,-0.03980732016676192,-0.03928377511792047,-0.04006600051350828,-0.04006600051350828,-0.03840215966688676,0.1520305141607104,0.16151387378039642,0.10967685538050483,0.15525573212793659,0.10070116923662113,-0.05761106729327821,0.0903137044997879,0.1727165444616566
R1_m-fbeeb2c140dc.json,R1,m-fbeeb2c140dc,r-05cbd60ed1,complete,,88001,83746,mlp,direct,96,1,0.0,gelu,8,2,0.126899895091639,-0.010966977896765196,0.9342262896570753,1.0054328724135937,-0.25442640738952393,0.05210721133346652,5,0.3081273263013245,0.17217646539211273,0.05968502536416054,0.09834930300712585,68.0,12.07854514941573,4.019290399970487,2400,600,50,5,12493155a49703dfbd5e83f1cdb1d2f5570a3dda274fc4a17072b35fea5cb1cf,-0.04152483882761393,-0.0379984891074554,-0.02994137234485672,-0.04064969574018584,-0.04152483882761393,-0.037528599005027974,0.17472342134435717,0.17555692516323057,0.11047599890596849,0.16484016724801093,0.096041974321925,-0.10504954938028448,0.09523525255861895,0.17903237892111207
R2_m-023c6568a5dc.json,R2,m-023c6568a5dc,r-05cbd60ed1,complete,,88001,48738,gru,antisymmetric,64,1,0.1,silu,8,2,0.15806598899449847,0.0035105255627999156,0.917498212179814,0.9982296371651778,-0.15684390362415312,0.07525985835796478,5,0.4270061535823171,0.087779700756073,0.0,0.0,88.0,14.41841509658843,6.573726500151679,2400,600,50,5,cfd0498b211ce32cf56d90c2e2a0bd24cf00eb33a37d3d0929e31c53957562ea,-0.011444609922444782,-0.010139898717198337,-0.010256169940249471,-0.010796866870896205,-0.011444609922444782,-0.010659386362697199,0.1935287689918758,0.191907212891843,0.13082765085989354,0.19200642954705646,0.12428848105942944,0.05457929600240743,0.11062425418338832,0.23495292506473478
R2_m-1d3d20efeb7e.json,R2,m-1d3d20efeb7e,r-05cbd60ed1,complete,,88001,29314,transformer,antisymmetric,32,2,0.0,silu,8,2,0.14959743263670244,-0.0004638214826770515,0.9221243935163217,1.0002249747670187,-0.2063185006694117,0.08094056643776748,5,0.3925850009795734,0.1376754641532898,0.0,0.0,90.0,15.013765019830316,8.564970700070262,2400,600,50,5,0bbd32a2a977d645a4e7c553ac01fd2d0e0ac606049f7b1cf62951ba4040f48f,-0.005965596107232907,-0.012428750075399009,-0.009621926352605392,-0.011984978217704167,-0.012428750075399009,-0.010000312688235369,0.1717462370650183,0.1936367062350698,0.12417949902869692,0.18889812427747815,0.12124218156979523,0.03137354981030353,0.10554747349360105,0.22111235187679693
R2_m-31d1827937ce.json,R2,m-31d1827937ce,r-05cbd60ed1,complete,,88001,18690,transformer,antisymmetric,32,1,0.1,gelu,8,2,0.15176943347123192,-0.0001291920660893231,0.9209464069007011,1.0000589726603624,-0.1958871739942396,0.08712868284988684,5,0.3863099557103541,0.13690908253192902,0.0,0.0,88.0,8.998914982657878,6.094425700139254,2400,600,50,5,2b565ac09603a9f192c6fe2528fa106471dcb43ba8431d3d555f2b04da0e8020,-0.007440969115449114,-0.013902039491082263,-0.009131822890561248,-0.011904121651870936,-0.013902039491082263,-0.01059473828724089,0.1722569837910315,0.1908523489799808,0.1271123497571349,0.19318185610691846,0.12462911006109123,0.04183798390721194,0.10905411988154001,0.22194588037319468
R2_m-370cab3d4b82.json,R2,m-370cab3d4b82,r-05cbd60ed1,complete,,88001,36258,tcn,antisymmetric,64,1,0.1,silu,8,2,0.16754074871243355,0.00310299799158027,0.9123295573641018,0.9984287876813512,-0.1664341953940074,0.0770221275370675,5,0.45027240134796986,0.09811311960220337,0.0,0.0,88.0,11.485845095012337,7.385823199991137,2400,600,50,5,4105152d3c49c10200cfa207b7c91a6d1e4ad99aeea222b3ed79ddde1fe71555,-0.01665126414710949,-0.02056036589780197,-0.013706798795171782,-0.020565230278376756,-0.020565230278376756,-0.017870914779615,0.20566834969108205,0.20055627896816136,0.13957467772580814,0.19538784497234368,0.12974941710617935,0.08907238561203694,0.1237581161951637,0.23872287935401384
R2_m-37ecfeb87e50.json,R2,m-37ecfeb87e50,r-05cbd60ed1,complete,,88001,49378,mlp,antisymmetric,64,2,0.0,silu,8,2,0.16002692257119938,0.0036287797163880864,0.9164281318781826,0.9981508384903031,-0.13570221264476423,0.07934074320936124,5,0.4218014779146911,0.12405119836330414,0.0,0.0,88.0,10.737085063010452,6.897862799931318,2400,600,50,5,68919b59a2f3982a5dc6b1cecabcefa8d436f60a48776e5cd1a983e293c2b96f,-0.022005268036649372,-0.020816272510523648,-0.013171428786708628,-0.020994963341587347,-0.022005268036649372,-0.01924698316886725,0.20164031157848178,0.19487959883021946,0.12893130258620528,0.18307436491707468,0.12780969711573764,0.0736104946703346,0.11349989674045129,0.23484336568000114
R2_m-393f58cc75db.json,R2,m-393f58cc75db,r-05cbd60ed1,complete,,88001,29058,transformer,shared_branch,32,2,0.0,gelu,8,2,0.16152336895755162,-0.0021801704238185284,0.9156554264320629,1.001068866318819,-0.2031944571903479,0.09998891420617084,5,0.43720151259173734,0.12295366078615189,0.0,0.0,90.0,13.227894937153906,8.798264600103721,2400,600,50,5,1d6d2449e284c367eb2a7676f329a1922f8de75fcb13d12fcace07fe270d0cd0,-0.017731944808688116,-0.023672387728495004,-0.020858911310786654,-0.019368902826829792,-0.023672387728495004,-0.02040803666869989,0.1965138755827665,0.1958519818455107,0.13406034134637485,0.20204545232501808,0.1162434029026542,0.06092108876957447,0.11907935780658203,0.23079318242720132
R2_m-39a8d671864f.json,R2,m-39a8d671864f,r-05cbd60ed1,complete,,88001,29058,transformer,shared_branch,32,2,0.1,gelu,8,2,0.1529777668058498,-0.0028231495054487745,0.920311280903085,1.0013916340490934,-0.23797235407503714,0.09505588242492036,5,0.4298670688544936,0.1122334823012352,0.0,0.0,90.0,12.782245094422251,9.143573499983177,2400,600,50,5,bc14e3e16b91ba0eb537e77edab6bb9ba216e3d8e7dcadaee6618b3ac4d8906b,-0.01698101587470724,-0.021608980503018627,-0.01637730420768002,-0.019046437337002953,-0.021608980503018627,-0.01850343448060221,0.18526615928439147,0.1920994898787121,0.1257421430698003,0.19662048195372844,0.1112806242471102,0.027379099477540116,0.10934523583490179,0.224270946764973
R2_m-49b072af5e16.json,R2,m-49b072af5e16,r-05cbd60ed1,complete,,88001,107746,transformer,antisymmetric,64,2,0.1,gelu,8,2,0.17090193591328168,0.0001462574188633159,0.9104341847163508,0.9999068087973461,-0.0945165606959033,0.07525282021685964,5,0.4615870685646487,0.06789234280586243,0.0,0.0,94.0,12.695520010311155,8.892024299828336,2400,600,50,5,b7df869d1737ecf5494b0c95b80a9cb322e165d20a5be08c43ac7e83b747637d,-0.013929064610944897,-0.017205834589305136,-0.0156881922788199,-0.017465526159287093,-0.017465526159287093,-0.016072154409589257,0.21203721723657853,0.20066662572206467,0.1378232931658871,0.19744722504267015,0.1321519096804262,0.12652902738519795,0.12167777490957625,0.2507148583192854
R2_m-5fc94eb7da8d.json,R2,m-5fc94eb7da8d,r-05cbd60ed1,complete,,88001,29314,transformer,antisymmetric,32,2,0.1,gelu,8,2,0.14931073070918652,-0.0010810449294853086,0.9222950475319976,1.0005333784181896,-0.249040229178912,0.08740417711405424,5,0.4009670465805944,0.12419001758098602,0.0,0.0,90.0,13.352220132946968,8.897012499859557,2400,600,50,5,eb9eb3f5685c058692f4196fb355a5660987217bca7ad7533a9af86ba0ebe96d,-0.007161077700192697,-0.01258416590850886,-0.009951958357147017,-0.013118178582054218,-0.013118178582054218,-0.010703845136975698,0.1759362464151035,0.1935759942972644,0.12347779610774359,0.18956937730842724,0.11619017835742815,0.022898271791687953,0.10695016588613934,0.21846658594767293
R2_m-6d253ca36751.json,R2,m-6d253ca36751,r-05cbd60ed1,complete,,88001,17442,mlp,antisymmetric,32,1,0.0,gelu,8,2,0.15682182330496677,0.00033694493259364135,0.9181962338898995,0.9998215321732996,-0.14255898822173596,0.07230312527072702,5,0.388259929901673,0.17524439096450806,0.0,0.0,86.0,9.553539869375527,5.321005599806085,2400,600,50,5,2f51380283ffb63e7d1e376c4038b51f5502b0f503d636594f40f2f8b2cf795b,-0.010418678433975481,-0.009611862240322955,-0.01561314416713544,-0.012381337337995735,-0.01561314416713544,-0.012006255544857403,0.19557478999579933,0.18753255468248103,0.12795125618406444,0.18965229500032108,0.1281464602527069,0.03819658308408906,0.11783505219838912,0.22021246173933204
R2_m-8702027339db.json,R2,m-8702027339db,r-05cbd60ed1,complete,,88001,103810,gru,antisymmetric,96,1,0.1,silu,8,2,0.16802122466870043,0.0036608939326136848,0.9120674708917367,0.9981467843731686,-0.13156851235844047,0.07315901932109359,5,0.45361901734193816,0.06369319558143616,0.0,0.0,90.0,11.61633002338931,6.490669900318608,2400,600,50,5,e78057996515f40d9d9cad1170d51414f353ba83fe049d783150472033813697,-0.0119625475383216,-0.01222090085001204,-0.014667943986498955,-0.018277093067005534,-0.018277093067005534,-0.014282121360459532,0.2094410634357499,0.20144498953592843,0.1386169523827479,0.1889699333479563,0.13428344344995535,0.0949237041902754,0.11877057986993134,0.2469280532600649
R2_m-9a27c224c2fa.json,R2,m-9a27c224c2fa,r-05cbd60ed1,complete,,88001,20482,gru,antisymmetric,32,2,0.0,silu,8,2,0.13967618475167984,0.00022863577790308565,0.9274465970213998,0.9998804071165827,-0.1512138059616437,0.06790916286206039,5,0.3448042638528911,0.16029943525791168,0.0,0.0,88.0,13.450830010697238,7.058201799867675,2400,600,50,5,f2ebee10488f0393bc13ef4ffe9d3a57572a7762e20cdbb36fedfdfff38ae358,-0.01146735394585141,-0.008191554515988075,-0.009160828104564978,-0.009603755666294234,-0.01146735394585141,-0.009605873058174674,0.15634122594838945,0.17690847572711557,0.11278840992797176,0.18172171107537255,0.1281194709649722,0.0030480607774950206,0.09841768416559682,0.20669635427758126
R2_m-aba04b6fcb8d.json,R2,m-aba04b6fcb8d,r-05cbd60ed1,complete,,88001,66018,transformer,antisymmetric,64,1,0.1,silu,8,2,0.16470542216466835,0.00109426272257811,0.9138367971339836,0.9994406444806232,-0.11480283257376045,0.07215868766881817,5,0.44315226233210236,0.0771208330988884,0.0,0.0,92.0,12.036875076591967,8.444447899935767,2400,600,50,5,0ab6a9efb57bd59ee56cbbced218834d0a4c7951275ea538998467c799ab567c,-0.009185757508459513,-0.010581873131458419,-0.014034720282399826,-0.013231251663221366,-0.014034720282399826,-0.011758400646384781,0.2043967360357663,0.19733152165411955,0.13306838995619744,0.19346551063096962,0.13037400708192717,0.09539479190615707,0.11547057816912024,0.2445222719826544
R2_m-ada97bb3738a.json,R2,m-ada97bb3738a,r-05cbd60ed1,complete,,88001,20482,gru,antisymmetric,32,2,0.0,gelu,8,2,0.14182359196425906,-0.0007652448703885817,0.9262893001063235,1.000375643044886,-0.1512335042355375,0.07061129816857714,5,0.35061098689020487,0.155265673995018,0.0,0.0,88.0,10.66039998549968,6.31241190014407,2400,600,50,5,b5e3efc5b819bf3075ebdd9e5eb6d988cdd12c0b4f112c8404aeb6c114563d4d,-0.012193277203711439,-0.00876170759481587,-0.009998547733805374,-0.011045904865806921,-0.012193277203711439,-0.010499859349534901,0.1607599273263975,0.1776311744474826,0.11432219287724248,0.18348907408841383,0.1279950263177188,0.013092958392774624,0.10074973047817863,0.20895199715320995
R2_m-b3a8b1c508b4.json,R2,m-b3a8b1c508b4,r-05cbd60ed1,complete,,88001,36258,tcn,antisymmetric,64,1,0.0,silu,8,2,0.17252627640044169,0.0015458073493576975,0.9095962838890586,0.9992049873878883,-0.1502150111611522,0.07959312121505513,5,0.4587136616830792,0.09885133057832718,0.0,0.0,88.0,13.36176499025896,6.955259499838576,2400,600,50,5,647fc6dcfc7c8190b7c0500ecf0ea77b68f77ffd6fdc8d08cce8b4a8476d500d,-0.013488484604938566,-0.020793128782228054,-0.018574958317632007,-0.021416464191659212,-0.021416464191659212,-0.01856825897411446,0.2136243571763159,0.20383932506523914,0.14426122257662757,0.19788741168015375,0.1303110464520974,0.10599633330354237,0.1319576332280869,0.23911087298815725
R2_m-bab63fe33ce4.json,R2,m-bab63fe33ce4,r-05cbd60ed1,complete,,88001,66018,transformer,antisymmetric,64,1,0.0,silu,8,2,0.1697758889230727,0.0007774744314513526,0.9110540991291269,0.9995928124209538,-0.10010491014500289,0.07273279848236036,5,0.4581441890770607,0.07936790585517883,0.0,0.0,90.0,12.15335007291287,7.304898100206628,2400,600,50,5,6246dc52a3a3b6f9da24bbda6246fc6af37dda498a22d6dfce49147e8a54e5f8,-0.008792399864129496,-0.010921740704910476,-0.013311454734065142,-0.01336158111686081,-0.01336158111686081,-0.011596794104991481,0.2128891215698776,0.19968917349067866,0.1373685614936708,0.19897989212133618,0.12955518790069326,0.11230084927214981,0.12256838391054228,0.24668955541633375
R2_m-c138d9a31cfd.json,R2,m-c138d9a31cfd,r-05cbd60ed1,complete,,88001,13890,tcn,shared_branch,32,2,0.0,silu,8,2,0.15253047473568604,-0.0076459809015599015,0.920529339379397,1.003798242716804,-0.18693998363300213,0.07033457250740749,5,0.4030626344151,0.20469927787780762,0.0,0.0,88.0,15.996885055210441,20.003987799864262,2400,600,50,5,61f640ff9f91c7b372e1c80ff8df176df74f289e1660f93b74d8bd3fbacea35d,-0.011633137013874029,-0.01426601460892818,-0.022665425808357398,-0.018563558216259324,-0.022665425808357398,-0.016782033911854732,0.18174343626912587,0.2002110757033785,0.12809255612588238,0.18025353597357147,0.11368063354157228,0.05649677772238941,0.10974977873983938,0.22189638432030492
R2_m-ca64ae709933.json,R2,m-ca64ae709933,r-05cbd60ed1,complete,,88001,73698,gru,antisymmetric,64,2,0.0,silu,8,2,0.1610848257667636,0.0033007284530407023,0.9158076127398707,0.9983280186770372,-0.1294276114228965,0.08286160182017577,5,0.4204718125577016,0.10177593678236008,0.0,0.0,88.0,12.445724860299373,7.731139299925417,2400,600,50,5,cbe0b5e9eeaf6934daab5ee999da5881ea030f5004443afddffe69a8f069d35f,-0.019928277541314987,-0.010527434288872373,-0.018129779455468453,-0.018548808011702445,-0.019928277541314987,-0.016783574824339564,0.19912362228272476,0.19467817288936765,0.13650515648195033,0.19164578263355575,0.12848879613422887,0.05308765114980387,0.11150265503789136,0.24064770552146575
R2_m-e27868141735.json,R2,m-e27868141735,r-05cbd60ed1,complete,,88001,48226,gru,shared_branch,64,1,0.0,gelu,8,2,0.17694006545700064,0.0005352340703677294,0.9071599561392143,0.9997227915899357,-0.12912862618686138,0.09587999927215018,5,0.4672053626753357,0.1029016301035881,0.0,0.0,88.0,10.031069931574164,6.498134200461209,2400,600,50,5,70e1f802ec00f9b2ee4de62ca93891c0ec79de1d969a2ce8db9b8251641d3d7a,-0.013670766603087081,-0.005855350572566476,-0.0073548692875651245,-0.010122206846365556,-0.013670766603087081,-0.00925079832739606,0.22754321219744728,0.19899662479008023,0.14328840610206264,0.2059455472159125,0.12926028748027496,0.11136584728975414,0.13877053450615534,0.23811659483905218
R2_m-e8303caeab0f.json,R2,m-e8303caeab0f,r-05cbd60ed1,complete,,88001,36258,tcn,antisymmetric,64,1,0.1,gelu,8,2,0.17415327518831344,0.0029052284530099114,0.9087023789020048,0.9985230384302769,-0.1698287268246237,0.08862412366528094,5,0.46664035768400736,0.10425007343292236,0.0,0.0,88.0,12.652049923781306,7.710816300241277,2400,600,50,5,21505f4df6c327595756ce1f677db22abc2bfe0a689a8c9f81d914cfcab3d745,-0.020243572884256045,-0.023968065754653045,-0.019417562027498336,-0.025071579000549793,-0.025071579000549793,-0.022175194916739305,0.2172996002017146,0.20257419860639728,0.1407687699768923,0.2018114413129946,0.13152443914776463,0.11091291516104544,0.13382518638346208,0.23996217692031072
R2_m-ede5f80a9065.json,R2,m-ede5f80a9065,r-05cbd60ed1,complete,,88001,20226,gru,shared_branch,32,2,0.1,silu,8,2,0.14280187302271224,0.0006471888623859057,0.9257774409856372,0.9996671532908998,-0.18001632375279608,0.07509040694007119,5,0.3788513473968991,0.14923322200775146,0.0,0.0,88.0,10.966499859932808,5.794724700273946,2400,600,50,5,e4adee8c2d8b4664e2364759d7f91ae8e1e0c0577ea41c4ab2433c6ff93e129c,-0.013537126099235852,-0.011305523430803932,-0.012759066707575872,-0.012367489688341449,-0.013537126099235852,-0.012492301481489276,0.16024984721675042,0.17871776553232982,0.11631737649670808,0.18735435522459767,0.12996436576111164,0.002341817839997651,0.0976420486829757,0.2154293779348349
R2_m-f6e372083c76.json,R2,m-f6e372083c76,r-05cbd60ed1,complete,,88001,29058,transformer,shared_branch,32,2,0.1,silu,8,2,0.14961726118667087,-0.0014563128534547775,0.9221352192533814,1.000711756881548,-0.25934251484000215,0.08572850984058655,5,0.41497456103565344,0.10359280556440353,0.0,0.0,90.0,13.290135143324731,9.074040499981493,2400,600,50,5,0fc26f760e13e08c443887a2de04746d4e544a7d5bb7fa3b719948b544659828,-0.014471376522890322,-0.015907215108106998,-0.012639028612463354,-0.0138936795732445,-0.015907215108106998,-0.014227824954176294,0.17497400910871533,0.19001053252130534,0.12400194849886556,0.19343991980772007,0.11616108892988637,0.021716354510396507,0.10539815466287725,0.22178508651015702
