block,stratifier,scheme,stratum,rows,clusters,measure_median,incumbent_cost_median,gain_h4_mean,numerator_pp,numerator_lo,numerator_hi,denominator_pp,denominator_lo,denominator_hi,factor,factor_lo,factor_hi,den_sign_flip_rate,factor_fieller_kind,factor_fieller_lo,factor_fieller_hi
validation,local_total_queue,within_network_tercile,T1,600,272,2.9999999329447746,1461.5,-14.3525,6.911508544995648,1.685785126013298,12.271872473132865,0.3158851564388887,-2.287021091697909,2.926544623237219,21.87981424297394,-80.34880585070005,80.84600771371507,0.3965,unbounded,-400.0,400.0
validation,local_total_queue,within_network_tercile,T2,600,272,5.000000074505806,1524.0,-46.40833333333333,16.476480764495584,11.257882099253024,22.03293860218479,1.034351152198698,-1.350862581702673,3.511412121101156,15.929291256138574,-163.59326645050317,146.33834506923375,0.204,unbounded,-400.0,400.0
validation,local_total_queue,within_network_tercile,T3,600,273,17.000000178813934,2648.0,-105.74416666666667,20.85901497518712,16.89550859630626,24.867812049575967,0.2803281629190746,-1.696463475090864,2.2704259481713343,74.40927360983248,-407.5729451746806,288.8467597311974,0.401,unbounded,-400.0,400.0
validation,local_total_queue,global_tercile,T1,600,217,2.9999999329447746,1120.75,13.5925,9.852359950728518,1.745871113541193,17.560602627454024,0.38161020218238084,-2.8350776037212095,4.013038503926037,25.817863082234457,-97.40001182725958,112.45976274445155,0.402,unbounded,-400.0,400.0
validation,local_total_queue,global_tercile,T2,600,272,7.000000029802322,1658.6589446002135,-65.84416666666667,14.403099186541501,9.602013131715971,19.31813597021044,-0.20894426358505358,-2.3597471521735063,1.9930453466517635,-68.93273325342346,-205.75501579932296,227.7403921578856,0.5745,unbounded,-400.0,400.0
validation,local_total_queue,global_tercile,T3,600,247,17.000000178813934,8314.5,-114.25333333333333,19.217582952670842,15.682117813236921,22.814542051455856,0.7974504646079628,-1.0566122760740668,2.6240884218927807,24.098779555064226,-210.7263594027462,265.47680470691853,0.1905,unbounded,-400.0,400.0
validation,observed_cost,within_network_tercile,T1,600,274,3.099999837577343,1443.9487046507634,-13.04,4.688755961422675,0.03632280072267485,9.767176198975436,1.2062995675228394,-1.1253157282108497,3.5918796105549737,3.88689185311666,-33.27744898550777,52.7647212401443,0.1535,unbounded,-400.0,400.0
validation,observed_cost,within_network_tercile,T2,600,274,5.499999955296516,1524.0,-50.718333333333334,18.149474065910308,12.84895496816015,23.668561024159025,-0.0355130983462959,-2.6211615866197127,2.5990399746927886,-511.0642244991091,-192.10177391046602,179.33400610406818,0.4945,unbounded,-400.0,400.0
validation,observed_cost,within_network_tercile,T3,600,275,17.72944642510265,2678.5,-102.74666666666667,20.914167903816015,16.95969977517602,24.90112601998108,0.39973250213029,-1.598092263809741,2.4787650275006126,52.32040875425034,-246.46596330442043,347.10816430829084,0.35,unbounded,-400.0,400.0
validation,observed_cost,global_tercile,T1,600,215,3.099999837577343,1133.0,15.0475,11.501542622792737,3.4051181018234393,19.172354627542703,-0.29439466241499845,-3.398417430577004,3.136790026852368,-39.0684482131656,-113.75367846878139,107.95058464132714,0.5625,unbounded,-400.0,400.0
validation,observed_cost,global_tercile,T2,600,270,7.300000101327896,1743.0558201386107,-64.2375,12.189345967278275,7.370238960420528,17.035721129579393,0.28468637815639575,-1.827105574145597,2.502978989637138,42.816751704859996,-169.67552676287212,191.63865155194992,0.396,unbounded,-400.0,400.0
validation,observed_cost,global_tercile,T3,600,252,17.72944642510265,8142.75,-117.315,19.81172464573816,16.164457071092706,23.43420317072689,0.7242446939543234,-1.1143519740378856,2.5548625778954945,27.35501524708118,-269.6277392652478,280.9026272361158,0.214,unbounded,-400.0,400.0
validation,policy_entropy,within_network_tercile,T1,600,272,0.0890528298914432,2149.5,-110.3175,24.574035790096403,19.742802033379398,29.535294999550494,0.1524091096097524,-2.0556875858897765,2.3068805838766067,161.23731614874518,-374.32437499821145,373.32300633713675,0.4525,unbounded,-400.0,400.0
validation,policy_entropy,within_network_tercile,T2,600,275,0.41886651515960693,1693.5,-65.10666666666667,17.647568609186635,13.327145227534945,22.367999137304817,0.4909715296752881,-1.5043504931694383,2.5006814405455233,35.9441791275721,-205.39910521134456,270.4555530975344,0.315,unbounded,-400.0,400.0
validation,policy_entropy,within_network_tercile,T3,600,268,0.6566468477249146,1742.0,8.919166666666667,5.085133177888224,-1.9712147073412192,11.47094287476454,0.8557936489380746,-2.1647433826113787,3.7548874585431298,5.942008548670808,-64.65672785355177,55.633062940443914,0.273,unbounded,-400.0,400.0
validation,policy_entropy,global_tercile,T1,600,221,0.0862774513661861,7764.75,-157.59833333333333,22.89425070839959,19.205839093667045,27.13341678864407,0.22356522954478653,-1.609338762382099,2.0714525371111567,102.40523875298423,-400.4753961009271,301.9056146919564,0.412,unbounded,-400.0,400.0
validation,policy_entropy,global_tercile,T2,600,257,0.3705661743879318,1451.75,-29.953333333333333,12.152144022660295,5.812371839973579,18.009626001795063,-0.031204186849376203,-3.1152147530676157,2.9118748233815643,-389.43953519183674,-106.6000382627729,140.8845482023626,0.486,unbounded,-400.0,400.0
validation,policy_entropy,global_tercile,T3,600,236,0.6566468477249146,1340.5,21.046666666666667,4.960193689092374,-3.1601585649788473,12.258795464169635,1.992655098695395,-0.7489053876371432,5.253592431221716,2.4892384499153146,-35.58639178241991,47.056104518935705,0.087,unbounded,-400.0,400.0
validation,policy_disagreement,within_network_tercile,T1,600,274,0.0222956528887152,2081.5,-110.4675,25.51943951832284,21.017650611352533,30.20300583056838,0.12022923718959522,-2.069683873435882,2.3409931766492247,212.25652025122656,-310.83770069523337,371.96872872852737,0.4715,unbounded,-400.0,400.0
validation,policy_disagreement,within_network_tercile,T2,600,272,0.12819788604974747,1761.25,-69.97666666666667,16.097364359182553,11.576813024812417,21.219087487760575,0.7378759423425252,-1.1421353659813493,2.758475538355005,21.815814062291366,-237.42449703170215,226.72581189583994,0.2225,unbounded,-400.0,400.0
validation,policy_disagreement,within_network_tercile,T3,600,275,0.3539025634527206,1689.792773152502,13.939166666666667,6.173802558977282,-0.6452487776471096,12.360162121773179,0.5898754327757327,-2.4397419351488807,3.6604073492117974,10.466281889255296,-72.04215865979064,58.69427390928005,0.3415,unbounded,-400.0,400.0
validation,policy_disagreement,global_tercile,T1,600,225,0.0222956528887152,7624.75,-153.7,22.66318657446228,19.00788081367594,26.83317481735406,0.27292067270263676,-1.6522515818211527,2.1406727042283578,83.03946472810861,-284.1002855707655,344.55192829812313,0.391,unbounded,-400.0,400.0
validation,policy_disagreement,global_tercile,T2,600,263,0.123332355171442,1370.0,-32.604166666666664,14.15694231417788,7.10517228452089,20.839620076460143,0.675639398974992,-2.1277614102319475,3.5366414518652545,20.953399602887693,-177.2271387490894,125.212715368197,0.3145,unbounded,-400.0,400.0
validation,policy_disagreement,global_tercile,T3,600,239,0.35464775562286377,1395.3543503890055,19.799166666666668,4.235269305976197,-1.4775232727505079,9.865113121042832,0.7179760589684836,-2.4796156219938323,4.225513122093432,5.898900462030739,-44.25709003389167,34.70865967501701,0.32,unbounded,-400.0,400.0
validation,severity,within_network_tercile,T1,600,300,0.0,1393.8654302283092,-54.468333333333334,17.40524036719964,11.861324140091407,22.786362493914353,1.9644151462258508,-0.22895409762174823,4.26079276312662,8.860265815318927,-52.74848486594629,80.0960062791476,0.045,unbounded,-400.0,400.0
validation,severity,within_network_tercile,T2,600,300,0.3,1678.6606709685827,-47.475833333333334,20.99450774959346,16.09570526940739,25.563821924498964,-0.851521133784694,-3.135409894729277,1.5799155455889693,-24.65529852005047,-226.06816917025677,217.2030665617273,0.751,unbounded,-400.0,400.0
validation,severity,within_network_tercile,T3,600,300,0.8,2394.0,-64.56083333333333,12.121102330382937,8.532641758727632,16.049111094100116,0.716572944727667,-1.425214484306183,2.960936315374579,16.91537814756536,-126.86783494582878,151.4939325778353,0.271,unbounded,-400.0,400.0
validation,severity,global_tercile,T1,600,300,0.0,1306.0121937605832,-55.354166666666664,23.365631477424742,18.19400967158261,28.150664674241643,0.17045203007728382,-2.2576414662775552,2.6235412385631305,137.080394213144,-344.7824123873491,270.3338219219542,0.446,unbounded,-400.0,400.0
validation,severity,global_tercile,T2,600,300,0.3,1949.0,-47.81916666666667,15.317808104464525,10.478595512419862,20.314464206181253,0.5308974837987979,-1.566465029566937,2.6615115465372323,28.852666610621466,-186.41637689309786,220.82173103973545,0.306,unbounded,-400.0,400.0
validation,severity,global_tercile,T3,600,300,0.8,2389.0,-63.33166666666666,12.39368319333285,8.679188089568303,16.480835185000863,0.6725541372542554,-1.4855248234689498,2.8577713667231315,18.427785224741672,-141.44027069522295,148.09774086239446,0.2875,unbounded,-400.0,400.0
validation,baseline_cost_h4,within_network_tercile,T1,600,271,1072.75,1072.75,-65.87083333333334,14.558304868856863,9.393150449192452,20.137382792725617,1.0691248935758124,-0.9778891311515729,3.2278732403664594,13.617029176231153,-117.80823912367902,142.700897575717,0.1565,unbounded,-400.0,400.0
validation,baseline_cost_h4,within_network_tercile,T2,600,274,1378.25,1378.25,-66.73416666666667,22.661972405789076,17.792277583134698,27.203415519185796,1.4316116980036986,-0.5279924630540633,3.5963847898628583,15.829692113713456,-115.84144081900024,178.97769042180744,0.0765,unbounded,-400.0,400.0
validation,baseline_cost_h4,within_network_tercile,T3,600,279,3153.0,3153.0,-33.9,14.100969756359206,9.727704725551975,18.487818185764677,-0.312915395811586,-2.4643531994401844,1.9839425028910125,-45.06320221089327,-228.19550910997663,161.89624187962013,0.606,unbounded,-400.0,400.0
validation,baseline_cost_h4,global_tercile,T1,600,193,876.5,876.5,-39.24666666666667,24.13997265106219,17.85401983188554,29.860890031956117,2.1047130683046977,-0.5924856432802481,5.039958597865915,11.469483900010387,-72.39493282017975,106.27747383546246,0.0675,unbounded,-400.0,400.0
validation,baseline_cost_h4,global_tercile,T2,600,215,1809.4339426690267,1809.4339426690267,-5.351666666666667,20.86013328883215,14.715139918388278,26.697748517489366,0.26406169675384783,-2.313693561922237,3.0315230726901055,78.99719476648475,-287.7482386693655,283.45672182514807,0.4035,unbounded,-400.0,400.0
validation,baseline_cost_h4,global_tercile,T3,600,128,9669.0,9669.0,-121.90666666666667,13.97137219427449,10.567320306446794,17.478508518692458,0.32160159062839533,-1.3709050782175916,1.9800532599357883,43.443106630707405,-244.58481994728476,216.301716896241,0.3485,unbounded,-400.0,400.0
sealed,local_total_queue,within_network_tercile,T1,600,269,2.9999999329447746,1372.5,-10.018333333333333,4.467111720680961,-1.2816878175193276,10.57447497766049,2.1081158619354112,0.46858663825378705,3.8406173813815068,2.1190067402556383,-0.645127781186164,13.546232637182046,0.0075,bounded,-0.5,17.0
sealed,local_total_queue,within_network_tercile,T2,600,271,5.196801573038101,1580.1589547858607,-47.82666666666667,14.76056682022573,8.466887105475742,21.50544346980089,-0.216782121414838,-2.587985392491917,2.5771672010003774,-68.08941034385236,-174.41560314559925,190.79967011685466,0.566,unbounded,-400.0,400.0
sealed,local_total_queue,within_network_tercile,T3,600,278,17.000000178813934,2455.0,-115.345,22.317968571586466,18.210762378679043,26.57611196158426,-0.39587143022388194,-2.149655531128277,1.5484436522202676,-56.37681041787915,-439.11095120190464,340.3019104980005,0.6765,unbounded,-400.0,400.0
sealed,local_total_queue,global_tercile,T1,600,211,2.9999999329447746,1109.5,9.02,11.05469064246164,5.050282601439871,17.03640235749988,0.7449528252898685,-1.7435368166983851,3.687755472368644,14.839450589586194,-98.9061780848717,119.58337900335965,0.2825,unbounded,-400.0,400.0
sealed,local_total_queue,global_tercile,T2,600,271,7.000000029802322,1790.7727061386881,-55.51,10.461901985421651,4.948825824210701,16.0334232914039,1.555461480484177,-0.20895882494068982,3.3593383684445053,6.725915181239407,-31.080086413529482,60.038348802296085,0.0415,unbounded,-400.0,400.0
sealed,local_total_queue,global_tercile,T3,600,247,17.000000178813934,7911.0,-126.7,19.855254340193575,15.591126003677791,24.295280580377554,-0.46163990249418196,-2.1690433899997235,1.403754112434349,-43.01026456534227,-311.113163042276,277.75223893433486,0.703,unbounded,-400.0,400.0
sealed,observed_cost,within_network_tercile,T1,600,269,3.024999932385981,1351.25,-4.48,4.264787364111533,-1.5867554844645706,10.267323904878982,2.0546280080381507,0.28767083144815353,3.8983695039761326,2.075698056984894,-0.8099804193338805,18.770248410625605,0.008,bounded,-0.5,27.0
sealed,observed_cost,within_network_tercile,T2,600,269,5.999999865889549,1554.5,-51.153333333333336,15.434916825743361,9.164436029253704,22.23826370255589,-0.7141155650626008,-3.13192312543067,2.003826414602458,-21.614032211145414,-173.39894571540268,135.92911973140406,0.718,unbounded,-400.0,400.0
sealed,observed_cost,within_network_tercile,T3,600,276,17.650000154040754,2471.0,-117.55666666666667,21.803801724842454,17.746011645831643,25.736036013167297,-0.06501489630789115,-1.8802579406506588,1.8081937180285095,-335.36624624587813,-321.910276640605,377.40990640194036,0.528,unbounded,-400.0,400.0
sealed,observed_cost,global_tercile,T1,600,211,3.024999932385981,1116.5,12.288333333333334,10.919293610833769,4.6871347434382455,16.922605139132564,0.8941208952970126,-1.5795703617964638,3.863505383583779,12.212323488096715,-111.97023226195249,113.744549143301,0.25,unbounded,-400.0,400.0
sealed,observed_cost,global_tercile,T2,600,270,7.311134517192841,1814.25,-56.49916666666667,10.703786951435157,5.381185699140724,15.969679290730335,0.6646089113206077,-1.202964127220338,2.5688644136717906,16.10539186145767,-136.31056026956077,143.51081851590143,0.2425,unbounded,-400.0,400.0
sealed,observed_cost,global_tercile,T3,600,243,17.650000154040754,8014.5,-128.97916666666666,19.88342779108445,15.515424213511894,24.387695248534307,-0.10868589729310374,-1.798859047878803,1.7140781067994,-182.94395396546153,-315.7371775454501,347.1590410668727,0.5565,unbounded,-400.0,400.0
sealed,policy_entropy,within_network_tercile,T1,600,270,0.08194396644830704,2087.0,-108.37583333333333,21.152475138013273,16.36601117877745,25.897610969989802,-0.3056001203101788,-2.314918490936636,1.8733759478737873,-69.21618720746535,-247.72840737918634,278.32475374053627,0.603,unbounded,-400.0,400.0
sealed,policy_entropy,within_network_tercile,T2,600,268,0.3901008069515228,1665.5,-57.346666666666664,16.521221303168655,10.782522317270779,23.103172482258543,-1.2967356979035616,-3.7185395056776356,1.2042372841551914,-12.740623497817317,-113.28283538764377,76.96221060129336,0.874,unbounded,-400.0,400.0
sealed,policy_entropy,within_network_tercile,T3,600,277,0.6607882678508759,1800.75,-7.4675,10.226574426528124,4.613663066220941,15.819695701259306,2.3812548556889745,0.0370847659777715,5.060989530250936,4.294615673789038,0.19707725935155546,33.97087563648622,0.024,bounded,1.5,307.5
sealed,policy_entropy,global_tercile,T1,600,219,0.08194396644830704,7750.5,-152.80583333333334,18.781452447372004,14.63032691680767,23.087662577234887,-0.19463453643954187,-1.7572105957090887,1.516080998440916,-96.495990850041,-304.13189443079517,358.63554984772617,0.6065,unbounded,-400.0,400.0
sealed,policy_entropy,global_tercile,T2,600,270,0.3563491255044937,1511.5512762451992,-38.04666666666667,14.328414302829529,7.930243383070517,20.620512905675827,0.9140062263512716,-2.1941590801959654,4.499444884243695,15.676495290441075,-129.14589596054182,137.58263742748792,0.293,unbounded,-400.0,400.0
sealed,policy_entropy,global_tercile,T3,600,242,0.6607882678508759,1341.0,17.6625,12.021872100653397,4.936379055565478,19.592787029890843,0.5348238099993186,-2.0032231625328074,3.1018712455416737,22.478191650945224,-114.35377583639401,138.3640399337186,0.3175,unbounded,-400.0,400.0
sealed,policy_disagreement,within_network_tercile,T1,600,273,0.02018580585718155,2071.415771057579,-106.49166666666666,20.492993989431586,15.666526135441625,25.398740686814392,-0.07203789291077012,-2.138205110382683,2.2545571050342135,-284.4751999453298,-315.56586354755933,248.89977977399397,0.5325,unbounded,-400.0,400.0
sealed,policy_disagreement,within_network_tercile,T2,600,276,0.12287372723221779,1713.305475272853,-63.53916666666667,16.54362977816335,11.421733126514278,22.29802545169831,-1.0451559539434108,-3.370436159201607,1.4320425922434343,-15.828862396796998,-120.27973182803603,130.20974382840345,0.814,unbounded,-400.0,400.0
sealed,policy_disagreement,within_network_tercile,T3,600,276,0.3491884171962738,1778.0007523199793,-3.1591666666666667,11.130500700297386,5.11905734858371,17.133729732702566,1.8268274218521952,-0.5284418010434161,4.602276902845704,6.092803604301234,-47.01010570562065,68.70046821784037,0.0655,unbounded,-400.0,400.0
sealed,policy_disagreement,global_tercile,T1,600,225,0.02018580585718155,7451.5,-142.995,19.546470451793464,15.283828362655461,23.78930931951371,-0.5273352612209403,-2.1796954294767206,1.3769292495211203,-37.06649619169688,-269.18017613673777,256.92060486267485,0.727,unbounded,-400.0,400.0
sealed,policy_disagreement,global_tercile,T2,600,268,0.11489757150411606,1453.5,-42.0375,12.850976980476004,7.385072377088046,17.786388665477705,0.48723921481619303,-1.96059152390091,3.0149204307500503,26.375087615482528,-143.8633134194092,183.89447275575844,0.3405,unbounded,-400.0,400.0
sealed,policy_disagreement,global_tercile,T3,600,242,0.35352037847042084,1403.5,11.8425,12.439393847378577,4.840659491192052,20.942077292122825,1.9188075757832435,-1.0059952635611844,5.616299836873035,6.4828771807933405,-56.62494133888679,66.72456527094074,0.1065,unbounded,-400.0,400.0
sealed,severity,within_network_tercile,T1,600,300,0.0,1494.0,-59.6525,22.556605398636965,16.66437697468835,27.720103008018555,0.5089534111970773,-1.9903870439722435,3.266366582164256,44.31958780978203,-232.08994341084585,337.3028389338919,0.36,unbounded,-400.0,400.0
sealed,severity,within_network_tercile,T2,600,300,0.3,1659.3653860624863,-47.3925,18.727643583743138,12.938031899695487,24.29191803130234,-0.5042843492525595,-2.6709347797213487,1.8659621231849044,-37.13707080440011,-237.84198532695302,198.98584928579268,0.6775,unbounded,-400.0,400.0
sealed,severity,within_network_tercile,T3,600,300,0.8,2329.0,-66.145,10.490542135343283,6.291977680128732,15.259693573257405,0.6970902932455947,-1.351888801521488,2.7403941124293856,15.049043484022977,-109.77357318604295,133.50073779503782,0.24,unbounded,-400.0,400.0
sealed,severity,global_tercile,T1,600,300,0.0,1283.0,-50.575833333333335,24.114867005120256,17.679508309380637,30.062340448423143,-1.2046205522014408,-4.137291116692052,2.3212027656915257,-20.018641522469792,-148.52132163299905,159.69238905858754,0.763,unbounded,-400.0,400.0
sealed,severity,global_tercile,T2,600,300,0.3,2101.337770352056,-57.520833333333336,17.811520758011625,12.398773693614967,22.79746984959916,0.4633989604182265,-1.7228929678918943,2.8467418060193914,38.436686914308964,-278.14809890131903,231.98964876342708,0.3605,unbounded,-400.0,400.0
sealed,severity,global_tercile,T3,600,300,0.8,2336.75,-65.09333333333333,10.577295549696785,6.360148921523706,15.326871504746173,0.7618894329605608,-1.3242826539880335,2.724460363554035,13.882979723967795,-93.49398716124114,110.02568398180429,0.226,unbounded,-400.0,400.0
sealed,baseline_cost_h4,within_network_tercile,T1,600,265,1103.75,1103.75,-60.83166666666666,23.00560446228268,16.896825212355225,29.278658609052254,1.239653491595305,-0.4724424921982017,2.9586455108223495,18.55809273983237,-136.93665103949175,232.63841903113723,0.075,unbounded,-400.0,400.0
sealed,baseline_cost_h4,within_network_tercile,T2,600,268,1437.5,1437.5,-56.69833333333333,17.836886058678413,12.592348747344605,23.17722083044707,-0.16148203813546314,-2.3109248262115365,2.288996722390076,-110.45739987326336,-210.93473524111477,238.76171428111502,0.576,unbounded,-400.0,400.0
sealed,baseline_cost_h4,within_network_tercile,T3,600,282,2957.75,2957.75,-55.66,14.010795192281789,9.338189300826317,18.56966358752405,0.10142684334685237,-1.7512816076190312,2.0853577005600337,138.13695398533363,-232.45736932767545,230.46830399723603,0.457,unbounded,-400.0,400.0
sealed,baseline_cost_h4,global_tercile,T1,600,194,906.0,906.0,-32.92333333333333,29.21659067439585,21.63485172562033,36.28823793603013,0.3256569149407307,-2.641549168109424,3.200458152797877,89.71586149095972,-225.79921829053063,264.3524650107366,0.398,unbounded,-400.0,400.0
sealed,baseline_cost_h4,global_tercile,T2,600,211,1852.0,1852.0,-20.326666666666668,19.279310482680433,13.571713721065374,24.71620301214749,-0.17953256594169797,-3.3699870868446307,3.293335297776355,-107.38614680604111,-166.06698116279998,197.52560456775984,0.547,unbounded,-400.0,400.0
sealed,baseline_cost_h4,global_tercile,T3,600,121,9769.25,9769.25,-119.94,13.781032624806478,9.688609408295182,17.738896243980186,0.3038490252067372,-1.1150329728373516,1.703894202289237,45.354868640536004,-313.3628150661915,235.79850771546995,0.353,unbounded,-400.0,400.0
