public_path,logical_source,source_sha256,public_sha256,transformation,evidence_role,storage_policy,rights_holder,upstream_license,release_license,redistribution_status
artifacts/derived/phase0/sealed_confirmation.json,private-archive:v10_proposal/phase0/results/sealed_confirmation.json,f8bd8bc61e0a42727f2e39dd8996478dcd128de5cf231cf029ae6ae7c543c43c,f8bd8bc61e0a42727f2e39dd8996478dcd128de5cf231cf029ae6ae7c543c43c,byte_exact_copy,historical_output,exact,Mikhail Gorodnichev,NONE,CC-BY-4.0,include_in_open_deposit
supplementary/phase2/results/selective_policy.json,private-archive:v10_proposal/phase2/results/selective_policy.json,3a4bbc641381c9d091ce7c6f7d664ea8f6111a30121d39ee00f77d5180d894a8,3a4bbc641381c9d091ce7c6f7d664ea8f6111a30121d39ee00f77d5180d894a8,byte_exact_copy,historical_output,exact,Mikhail Gorodnichev,NONE,CC-BY-4.0,include_in_open_deposit
artifacts/derived/v5/V5_ANALYSIS.md,private-archive:v5/results/V5_ANALYSIS.md,1f68d80ad22ed60370af9059a050c21b3d000e6947771c00d91b27c092032a49,1f68d80ad22ed60370af9059a050c21b3d000e6947771c00d91b27c092032a49,byte_exact_copy,historical_output,exact,Mikhail Gorodnichev,NONE,CC-BY-4.0,include_in_open_deposit
artifacts/historical_scripts/preregister_sealed.py,private-archive:v10_proposal/phase0/preregister_sealed.py,d634ac2fa8aecbf269c96883ef76369fcf800844af6a0072929f20b246892914,d634ac2fa8aecbf269c96883ef76369fcf800844af6a0072929f20b246892914,byte_exact_copy,historical_source,exact,Mikhail Gorodnichev,NONE,MIT,include_in_open_deposit
artifacts/historical_scripts/collect_sealed.py,private-archive:v10_proposal/phase0/collect_sealed.py,ecf1e08ad81316160e60118047489e74d879ef7491fb8920b56bbaaa9068fe5d,ecf1e08ad81316160e60118047489e74d879ef7491fb8920b56bbaaa9068fe5d,byte_exact_copy,historical_source,exact,Mikhail Gorodnichev,NONE,MIT,include_in_open_deposit
artifacts/historical_scripts/evaluate_sealed.py,private-archive:v10_proposal/phase0/evaluate_sealed.py,81ba1f12771c273e3578860a939bb4bdf616a147b0b70da64ee991f6ae56b333,81ba1f12771c273e3578860a939bb4bdf616a147b0b70da64ee991f6ae56b333,byte_exact_copy,historical_source,exact,Mikhail Gorodnichev,NONE,MIT,include_in_open_deposit
artifacts/historical_scripts/phase2_common.py,private-archive:v10_proposal/phase2/phase2_common.py,dc60b9a3be9af9dfb31e0facfa74ca4a8b79cb21c4f4189d5a233190be9426fa,dc60b9a3be9af9dfb31e0facfa74ca4a8b79cb21c4f4189d5a233190be9426fa,byte_exact_copy,historical_source,exact,Mikhail Gorodnichev,NONE,MIT,include_in_open_deposit
supplementary/phase2/phase2_common.py,private-archive:v10_proposal/phase2/phase2_common.py,dc60b9a3be9af9dfb31e0facfa74ca4a8b79cb21c4f4189d5a233190be9426fa,9e64960aafe9b61c4ef9d9243fe1ccf59e877baeba02615fe81cd39b40f7c6cc,path_and_io_adapted_for_public_layout,portable_source,git_lf,Mikhail Gorodnichev,NONE,MIT,include_in_open_deposit
artifacts/historical_scripts/audit_claims.py,private-archive:v10_proposal/phase0/audit_claims.py,87e3945f2703f8c7170987b99d8d3e4b9645ca5e847b8c75ff396354d1f776ac,87e3945f2703f8c7170987b99d8d3e4b9645ca5e847b8c75ff396354d1f776ac,byte_exact_copy,historical_source,exact,Mikhail Gorodnichev,NONE,MIT,include_in_open_deposit
artifacts/derived/phase0/aar_funnel.json,private-archive:v10_proposal/phase0/results/aar_funnel.json,616134b0f8636852a39ff53a8704e0bd694de74ea531016b0a54e4c1b2f4b78f,e55be3d5b367035260834a982ac3b64010bc1a696d9e867186e906fbb429070f,regenerated_with_corrected_aar_schema_v2,corrected_rerun,git_lf,Mikhail Gorodnichev,NONE,CC-BY-4.0,include_in_open_deposit
artifacts/derived/phase0/baseline_ladder.json,private-archive:v10_proposal/phase0/results/baseline_ladder.json,714098815f384427c12b6bd7809053cf352e58d4b3c4c071a12d886e5141eda2,51db1e41ebefc4732f302ffa204ed84c6bc5075b70e51911a54f60b0e1fb55e7,regenerated_with_public_input_path_and_environment,rerun,git_lf,Mikhail Gorodnichev,NONE,CC-BY-4.0,include_in_open_deposit
artifacts/derived/phase0/sample_size_curve_robust.json,private-archive:v10_proposal/phase0/results/sample_size_curve_robust.json,e2ca23ba0f8d61cca5331e554798fb06de8ae8ff5325f3ebb1232f675f20e0f0,2f4469ac6f09a02043283b36671d54efc1529df4abb0a421164c2075ac4257b4,regenerated_with_last_digit_numeric_differences,rerun,git_lf,Mikhail Gorodnichev,NONE,CC-BY-4.0,include_in_open_deposit
artifacts/derived/phase0/fact2_verification.json,private-archive:v10_proposal/phase0/results/fact2_verification.json,8bcf7739be5865bba9739837787bd0d99415b122cc5f00446beb5089fb0fb443,7b72a6c12f3cb580ae5b8221bda72999a75225e91f5f591013718d0e312e4164,regenerated_with_public_input_path,rerun,git_lf,Mikhail Gorodnichev,NONE,CC-BY-4.0,include_in_open_deposit
artifacts/derived/phase0/sample_size_curve.json,private-archive:v10_proposal/phase0/results/sample_size_curve.json,b12f99f4108ecae4fc469f67c5fe285287d7bcc38975488e8fbac0d250a4bf78,f9fd432c17db5179319b851708d3e85ab83a00e1d73908e561dfe9a3d259200b,regenerated_with_public_input_path,rerun,git_lf,Mikhail Gorodnichev,NONE,CC-BY-4.0,include_in_open_deposit
supplementary/phase1/results/pace_phase1_ate.json,private-archive:v10_proposal/phase1/results/pace_phase1_ate.json,2476a8f06c5c092df3f0e0fbfc21ece03e958a96e0c109a1dbe2994e5b7b5132,12b39d8de87b1589230f02f3d9d3ab5b7d5ca9856864355a6c73e29710295c4a,developer_paths_replaced_by_source_root_placeholder,portable_historical_output,git_lf,Mikhail Gorodnichev,NONE,CC-BY-4.0,include_in_open_deposit
