network,scenario,method,n,mean_waiting_time_s_mean,mean_waiting_time_s_ci_low,mean_waiting_time_s_ci_high,mean_stopped_vehicles_mean,mean_stopped_vehicles_ci_low,mean_stopped_vehicles_ci_high,mean_speed_m_s_mean,mean_speed_m_s_ci_low,mean_speed_m_s_ci_high,throughput_vehicles_mean,throughput_vehicles_ci_low,throughput_vehicles_ci_high,teleports_mean,teleports_ci_low,teleports_ci_high,emergency_stops_mean,emergency_stops_ci_low,emergency_stops_ci_high,collisions_mean,collisions_ci_low,collisions_ci_high,switches_per_signal_hour_mean,switches_per_signal_hour_ci_low,switches_per_signal_hour_ci_high,llm_call_rate_mean,llm_call_rate_ci_low,llm_call_rate_ci_high,override_accept_rate_mean,override_accept_rate_ci_low,override_accept_rate_ci_high,candidate_application_rate_mean,candidate_application_rate_ci_low,candidate_application_rate_ci_high,fallback_rate_mean,fallback_rate_ci_low,fallback_rate_ci_high,wall_time_s_mean,wall_time_s_ci_low,wall_time_s_ci_high
cologne8,high,ergs_no_calibration,20,3.6991953529192374,3.6475147634354697,3.751931328874472,27.563333333333333,27.12873958333333,27.975624999999997,6.185227654277253,6.157663836156704,6.213348006823596,2994.85,2986.24875,3003.4,0.0,0.0,0.0,0.0,0.0,0.0,107.2,99.8,114.0,66.24375,65.85625,66.61875,0.02083333333333333,0.02083333333333333,0.02083333333333333,0.0,0.0,0.0,0.0,0.0,0.0,1.0,1.0,1.0,22.425850495009218,21.877147564868064,22.985255394524575
cologne8,high,ergs_no_event,20,3.6991953529192374,3.647818039587014,3.753571983918851,27.563333333333333,27.132291666666667,27.970625000000002,6.185227654277253,6.157952772433596,6.213172956336396,2994.85,2986.25,3003.4,0.0,0.0,0.0,0.0,0.0,0.0,107.2,99.8,114.1,66.24375,65.85625,66.61875,1.0,1.0,1.0,0.0,0.0,0.0,0.0,0.0,0.0,1.0,1.0,1.0,109.29511273000972,106.09470048914416,112.68524473299156
cologne8,high,ergs_no_guard,20,3.6991953529192374,3.647111690730303,3.752736379372698,27.563333333333333,27.13604166666667,27.967927083333333,6.185227654277253,6.157994790800447,6.2137943101628546,2994.85,2986.25,3003.4,0.0,0.0,0.0,0.0,0.0,0.0,107.2,99.9,114.1,66.24375,65.8625,66.61875,0.02083333333333333,0.02083333333333333,0.02083333333333333,0.0,0.0,0.0,0.0,0.0,0.0,1.0,1.0,1.0,21.054307259991766,20.50864715411284,21.625105372622638
cologne8,high,ergs_no_hysteresis,20,3.6991953529192374,3.6481029663728526,3.751889517352088,27.563333333333333,27.130406250000004,27.973968749999997,6.185227654277253,6.157672962267717,6.213158051293875,2994.85,2986.25,3003.25,0.0,0.0,0.0,0.0,0.0,0.0,107.2,99.9,113.9,66.24375,65.8625,66.61875,0.02083333333333333,0.02083333333333333,0.02083333333333333,0.0,0.0,0.0,0.0,0.0,0.0,1.0,1.0,1.0,21.792193315009353,20.766515023125542,22.786113973749014
cologne8,high,ergs_v2,20,3.6991953529192374,3.6479614403853273,3.7529487589948576,27.563333333333333,27.127703124999993,27.969171875,6.185227654277253,6.1579400919454415,6.213146163592935,2994.85,2986.2,3003.35,0.0,0.0,0.0,0.0,0.0,0.0,107.2,99.8,114.0,66.24375,65.8625,66.625,0.02083333333333333,0.02083333333333333,0.02083333333333333,0.0,0.0,0.0,0.0,0.0,0.0,1.0,1.0,1.0,21.92289284999133,20.573588974351296,23.053383210367173
cologne8,high,fixed,20,7.048817320646407,6.979649283413035,7.121481654649149,43.67958333333333,42.879140625000005,44.47708333333333,5.43414460073779,5.3991604754508025,5.468991685376508,2978.65,2970.8,2986.35,0.0,0.0,0.0,0.0,0.0,0.0,133.9,125.1,142.8,144.0,144.0,144.0,0.0,0.0,0.0,0.0,0.0,0.0,0.0,0.0,0.0,0.0,0.0,0.0,20.061609895015135,19.366108531392964,20.81739147038781
cologne8,high,lightgpt_direct,20,9.363339798604574,8.992328645718993,9.76784621230943,39.38208333333333,37.95791145833333,40.960651041666665,5.669348210028486,5.591413718737749,5.74319882141152,2983.6,2974.45,2992.15,0.0,0.0,0.0,0.0,0.0,0.0,130.4,121.6,139.5,44.9875,44.76875,45.20625,1.0,1.0,1.0,0.27854166666666663,0.27419270833333337,0.283203125,0.98609375,0.984765625,0.98734375,0.01390625,0.012656249999999999,0.015234375,21.981613315007415,21.30063280324481,22.698826077387203
cologne8,high,lightgpt_review,20,3.6991953529192374,3.6470174563037254,3.7528735819523136,27.563333333333333,27.1325,27.964374999999997,6.185227654277253,6.157612745411637,6.213406334641604,2994.85,2986.15,3003.25,0.0,0.0,0.0,0.0,0.0,0.0,107.2,99.8,114.0,66.24375,65.85,66.61875,1.0,1.0,1.0,0.0,0.0,0.0,0.937890625,0.9361458333333333,0.9397916666666667,0.062109375,0.060182291666666665,0.06385416666666667,21.395152404985858,20.751369160729812,22.066810856129013
cologne8,high,max_pressure,20,10.882555349252454,10.606785805582925,11.184506154229645,44.415,42.89623958333333,46.15209375000001,5.331003283840664,5.25262118029318,5.402080300239272,2981.9,2973.85,2989.55,0.05,0.0,0.15,0.0,0.0,0.0,126.0,115.5,137.3,50.8875,50.55,51.225,0.0,0.0,0.0,0.0,0.0,0.0,0.0,0.0,0.0,0.0,0.0,0.0,24.897487544984322,24.130059530365397,25.64710061048201
cologne8,high,ppo_ensemble,20,3.6991953529192374,3.648307476697674,3.751754599088692,27.563333333333333,27.129161458333336,27.968755208333334,6.185227654277253,6.157643852099588,6.213243396614186,2994.85,2986.0,3003.3,0.0,0.0,0.0,0.0,0.0,0.0,107.2,99.9,114.0,66.24375,65.85625,66.61875,0.0,0.0,0.0,0.0,0.0,0.0,0.0,0.0,0.0,0.0,0.0,0.0,21.603668094991008,20.854379881725325,22.358434474490053
cologne8,low,ergs_no_calibration,20,3.226947535687727,3.1490579390654365,3.300979151595766,6.139166666666666,5.992911458333333,6.294166666666667,7.585293537572009,7.545536680473493,7.627148904677873,1203.3,1194.0,1212.0012499999998,0.0,0.0,0.0,0.0,0.0,0.0,19.6,16.6,23.0,52.2125,51.83125,52.6125,0.02083333333333333,0.02083333333333333,0.02083333333333333,0.0,0.0,0.0,0.0,0.0,0.0,1.0,1.0,1.0,20.045028199994704,19.520991018498464,20.62239464713071
cologne8,low,ergs_no_event,20,3.226947535687727,3.1499888589617,3.3004318639167893,6.139166666666666,5.992083333333333,6.2943750000000005,7.585293537572009,7.545173377157305,7.62648338543893,1203.3,1194.05,1212.1,0.0,0.0,0.0,0.0,0.0,0.0,19.6,16.5,23.1,52.2125,51.8375,52.6125,1.0,1.0,1.0,0.0,0.0,0.0,0.0,0.0,0.0,1.0,1.0,1.0,113.27128308000974,108.35694504639075,119.33606547951
cologne8,low,ergs_no_guard,20,3.226947535687727,3.1510084428183878,3.302065711697804,6.139166666666666,5.992916666666667,6.296249999999999,7.585293537572009,7.545351811227107,7.627276914983627,1203.3,1193.95,1212.0,0.0,0.0,0.0,0.0,0.0,0.0,19.6,16.5,23.1,52.2125,51.8375,52.60625,0.02083333333333333,0.02083333333333333,0.02083333333333333,0.0,0.0,0.0,0.0,0.0,0.0,1.0,1.0,1.0,19.019220944994593,18.523401508266254,19.49857489834394
cologne8,low,ergs_no_hysteresis,20,3.226947535687727,3.1516490316933488,3.3000697384413447,6.139166666666666,5.992286458333332,6.291875,7.585293537572009,7.5456067029257765,7.626735885725591,1203.3,1193.7,1212.05,0.0,0.0,0.0,0.0,0.0,0.0,19.6,16.6,23.1,52.2125,51.825,52.6125,0.02083333333333333,0.02083333333333333,0.02083333333333333,0.0,0.0,0.0,0.0,0.0,0.0,1.0,1.0,1.0,20.695307110011345,20.265752359399922,21.16300944939212
cologne8,low,ergs_v2,20,3.226947535687727,3.1508893308969235,3.300371909133052,6.139166666666666,5.992500000000001,6.292708333333333,7.585293537572009,7.5453414836024955,7.626832096223679,1203.3,1193.85,1212.15,0.0,0.0,0.0,0.0,0.0,0.0,19.6,16.5,23.1,52.2125,51.83125,52.6125,0.02083333333333333,0.02083333333333333,0.02083333333333333,0.0,0.0,0.0,0.0,0.0,0.0,1.0,1.0,1.0,21.02283631002647,20.48791118514942,21.520764352280093
cologne8,low,fixed,20,5.1353094784161275,5.07266192125022,5.196502061288607,9.353541666666667,9.237291666666668,9.474583333333333,7.14091803130262,7.110006321353685,7.171906141919134,1199.1,1189.75,1207.7,0.0,0.0,0.0,0.0,0.0,0.0,20.0,17.4,22.7,144.0,144.0,144.0,0.0,0.0,0.0,0.0,0.0,0.0,0.0,0.0,0.0,0.0,0.0,0.0,17.917098155018174,17.24524267751127,18.59503252214752
cologne8,low,lightgpt_direct,20,7.48299142958056,7.343466167251273,7.624428690900149,9.949375000000002,9.806869791666669,10.088130208333334,6.721144715497914,6.692509676607073,6.75305862360869,1198.55,1189.9,1206.7,0.0,0.0,0.0,0.0,0.0,0.0,21.7,19.0,24.4,38.21875,38.09375,38.34375,1.0,1.0,1.0,0.21315104166666665,0.20890625000000002,0.21744791666666666,0.9988541666666668,0.9985156250000001,0.9991666666666669,0.0011458333333333333,0.0008333333333333333,0.001484375,18.790469240013046,18.085662496883742,19.434016321286762
cologne8,low,lightgpt_review,20,3.226947535687727,3.151263974145469,3.300239555528448,6.139166666666666,5.993541666666667,6.295833333333333,7.585293537572009,7.544753714915701,7.626622585852126,1203.3,1193.75,1212.15,0.0,0.0,0.0,0.0,0.0,0.0,19.6,16.5,23.1,52.2125,51.83125,52.6125,1.0,1.0,1.0,0.0,0.0,0.0,0.9929687500000002,0.9920826822916665,0.9938802083333336,0.00703125,0.006119791666666666,0.007916666666666666,19.11256895000115,18.420004016987512,19.776463481636746
cologne8,low,max_pressure,20,8.791505218541642,8.589591163581884,8.98509010074566,11.669166666666666,11.413328125,11.918541666666666,6.438816997269477,6.384555846491825,6.497620510009996,1198.45,1189.75,1206.65,0.0,0.0,0.0,0.0,0.0,0.0,23.3,19.2,27.5,43.68125,43.48125,43.88125,0.0,0.0,0.0,0.0,0.0,0.0,0.0,0.0,0.0,0.0,0.0,0.0,22.510859159973915,21.880715633348007,23.182239705225076
cologne8,low,ppo_ensemble,20,3.226947535687727,3.149800224910462,3.30080239001579,6.139166666666666,5.991249999999999,6.293125,7.585293537572009,7.544764228233159,7.625838485606049,1203.3,1194.0,1212.15,0.0,0.0,0.0,0.0,0.0,0.0,19.6,16.5,23.1,52.2125,51.8375,52.60625,0.0,0.0,0.0,0.0,0.0,0.0,0.0,0.0,0.0,0.0,0.0,0.0,18.550920885009692,17.722707004134136,19.410752533268674
cologne8,nominal,ergs_no_calibration,20,3.0779301294945474,3.026590268028758,3.1313812714732094,12.022291666666666,11.828125000000002,12.213130208333334,7.207194450260116,7.172980624742634,7.2427579938389925,2006.35,2004.8,2008.0,0.0,0.0,0.0,0.0,0.0,0.0,47.5,43.2,51.9,60.34375,60.05625,60.61875,0.02083333333333333,0.02083333333333333,0.02083333333333333,0.0,0.0,0.0,0.0,0.0,0.0,1.0,1.0,1.0,21.977939149999294,21.450288167994877,22.485808992757956
cologne8,nominal,ergs_no_event,20,3.0779301294945474,3.0270752628527133,3.1305359174396274,12.022291666666666,11.82875,12.213958333333334,7.207194450260116,7.172926279042299,7.242141526600265,2006.35,2004.8,2008.0,0.0,0.0,0.0,0.0,0.0,0.0,47.5,43.1,51.8,60.34375,60.05625,60.625,1.0,1.0,1.0,0.0,0.0,0.0,0.0,0.0,0.0,1.0,1.0,1.0,111.43364841997973,107.33850353697767,116.40008590435522
cologne8,nominal,ergs_no_guard,20,3.0779301294945474,3.026789547466607,3.1304313661701086,12.022291666666666,11.827916666666667,12.215005208333334,7.207194450260116,7.1728610500364285,7.242194103707549,2006.35,2004.8,2008.05,0.0,0.0,0.0,0.0,0.0,0.0,47.5,43.2,51.8,60.34375,60.06875,60.625,0.02083333333333333,0.02083333333333333,0.02083333333333333,0.0,0.0,0.0,0.0,0.0,0.0,1.0,1.0,1.0,19.710325514996658,19.441182286994735,19.984984081872682
cologne8,nominal,ergs_no_hysteresis,20,3.0779301294945474,3.026250878123927,3.13086648283754,12.022291666666666,11.823947916666667,12.214796875000001,7.207194450260116,7.1729274296682535,7.241811682313811,2006.35,2004.8,2008.05,0.0,0.0,0.0,0.0,0.0,0.0,47.5,43.1,51.9,60.34375,60.05625,60.625,0.02083333333333333,0.02083333333333333,0.02083333333333333,0.0,0.0,0.0,0.0,0.0,0.0,1.0,1.0,1.0,21.501512389990967,20.979218310981086,22.01965532162838
cologne8,nominal,ergs_v2,20,3.0779301294945474,3.02685848970724,3.13110237153598,12.022291666666666,11.82791666666667,12.213130208333334,7.207194450260116,7.173067520159425,7.242224626131718,2006.35,2004.8,2008.0,0.0,0.0,0.0,0.0,0.0,0.0,47.5,43.2,51.9,60.34375,60.0625,60.63125,0.02083333333333333,0.02083333333333333,0.02083333333333333,0.0,0.0,0.0,0.0,0.0,0.0,1.0,1.0,1.0,21.228031920007197,20.50968074500648,22.00224362838009
cologne8,nominal,fixed,20,5.71719690665743,5.6494581865468785,5.789964617523181,19.321875000000002,19.07873958333333,19.58583333333333,6.557151503941666,6.525664229852845,6.586722590393521,2000.9,1999.95,2001.9,0.0,0.0,0.0,0.0,0.0,0.0,49.7,45.2,54.7,144.0,144.0,144.0,0.0,0.0,0.0,0.0,0.0,0.0,0.0,0.0,0.0,0.0,0.0,0.0,19.038768890011124,18.58052603341406,19.497015573640965
cologne8,nominal,lightgpt_direct,20,6.910090378907528,6.689502340560596,7.13852813774294,17.377291666666668,16.836869791666665,17.913546875,6.599106507693088,6.545335758155607,6.652486845096401,2000.1,1998.8,2001.45,0.0,0.0,0.0,0.0,0.0,0.0,53.6,50.0,57.4,41.95,41.725,42.18125,1.0,1.0,1.0,0.25221354166666665,0.2473697916666667,0.25697916666666665,0.9959375000000001,0.9954166666666666,0.9964583333333333,0.0040625,0.0035416666666666665,0.004609374999999999,19.92320483500371,19.14758674511293,20.718884079403214
cologne8,nominal,lightgpt_review,20,3.0779301294945474,3.0269569496182056,3.1306537398091128,12.022291666666666,11.830619791666667,12.214583333333334,7.207194450260116,7.1730001062658655,7.243021936528944,2006.35,2004.8,2008.0,0.0,0.0,0.0,0.0,0.0,0.0,47.5,43.1,51.9,60.34375,60.0625,60.625,1.0,1.0,1.0,0.0,0.0,0.0,0.9771093750000002,0.9759375000000002,0.9782031250000001,0.022890625,0.021770833333333333,0.024036458333333333,19.711826470011147,19.166499296631372,20.241547776383374
cologne8,nominal,max_pressure,20,9.277239482324148,9.097947765775109,9.463402848959728,22.056041666666665,21.669375000000002,22.447505208333336,6.096125729227289,6.053698755800145,6.140859777002034,1997.1,1994.25,1999.8,0.0,0.0,0.0,0.0,0.0,0.0,63.9,60.3,67.7,48.31875,47.975,48.6375,0.0,0.0,0.0,0.0,0.0,0.0,0.0,0.0,0.0,0.0,0.0,0.0,22.904815504996805,22.03494485825664,23.753519877366923
cologne8,nominal,ppo_ensemble,20,3.0779301294945474,3.0262431188498917,3.1296458751590515,12.022291666666666,11.827494791666666,12.215416666666666,7.207194450260116,7.173205094293457,7.242910176071618,2006.35,2004.8,2008.0,0.0,0.0,0.0,0.0,0.0,0.0,47.5,43.2,51.80249999999978,60.34375,60.05625,60.625,0.0,0.0,0.0,0.0,0.0,0.0,0.0,0.0,0.0,0.0,0.0,0.0,19.687740489986027,19.004171057361383,20.40370768459572
cologne8,variable,ergs_no_calibration,20,3.399513496128475,3.313316163662103,3.4878662494742585,16.035208333333333,15.642500000000002,16.443130208333336,6.911772862226103,6.863872389496411,6.956197173294539,2005.0,1997.35,2012.55,0.0,0.0,0.0,0.0,0.0,0.0,67.0,62.0,71.9,58.8125,58.46875,59.16875,0.02083333333333333,0.02083333333333333,0.02083333333333333,0.0,0.0,0.0,0.0,0.0,0.0,1.0,1.0,1.0,21.115911574993515,20.519205407483096,21.7167348841115
cologne8,variable,ergs_no_event,20,3.399513496128475,3.3130681190734483,3.489501337729748,16.035208333333333,15.649375000000001,16.443749999999998,6.911772862226103,6.863776851701583,6.956736693546336,2005.0,1997.35,2012.5012499999998,0.0,0.0,0.0,0.0,0.0,0.0,67.0,62.0,71.9,58.8125,58.4625,59.16875,1.0,1.0,1.0,0.0,0.0,0.0,0.0,0.0,0.0,1.0,1.0,1.0,112.33994215999846,108.33643920599832,117.09127992337525
cologne8,variable,ergs_no_guard,20,3.399513496128475,3.3120786199139385,3.488883547994402,16.035208333333333,15.642489583333331,16.447093749999997,6.911772862226103,6.864065232545297,6.955937070836521,2005.0,1997.54875,2012.55,0.0,0.0,0.0,0.0,0.0,0.0,67.0,62.0,71.9,58.8125,58.46875,59.16875,0.02083333333333333,0.02083333333333333,0.02083333333333333,0.0,0.0,0.0,0.0,0.0,0.0,1.0,1.0,1.0,19.729243389994373,19.237319976245637,20.234702548238275
cologne8,variable,ergs_no_hysteresis,20,3.399513496128475,3.3125779923999468,3.489975086865601,16.035208333333333,15.63625,16.44646354166667,6.911772862226103,6.863981517362618,6.956211827727124,2005.0,1997.4,2012.45,0.0,0.0,0.0,0.0,0.0,0.0,67.0,61.9,71.8,58.8125,58.46875,59.16875,0.02083333333333333,0.02083333333333333,0.02083333333333333,0.0,0.0,0.0,0.0,0.0,0.0,1.0,1.0,1.0,22.273201959993457,21.76876317499162,22.797578802001663
cologne8,variable,ergs_v2,20,3.399513496128475,3.31265357528729,3.4889276772798343,16.035208333333333,15.642291666666665,16.445005208333335,6.911772862226103,6.864846892317112,6.956032691487878,2005.0,1997.45,2012.35,0.0,0.0,0.0,0.0,0.0,0.0,67.0,61.9,72.0,58.8125,58.46875,59.16875,0.02083333333333333,0.02083333333333333,0.02083333333333333,0.0,0.0,0.0,0.0,0.0,0.0,1.0,1.0,1.0,21.819811895000747,21.16168883113787,22.47697354138305
cologne8,variable,fixed,20,6.128860882592634,6.065879843635591,6.1910897667327776,25.062083333333334,24.67229166666667,25.457500000000003,6.27318222572457,6.2348895407564235,6.307585047022706,2001.85,1994.25,2009.65,0.0,0.0,0.0,0.0,0.0,0.0,76.9,71.1,82.7,144.0,144.0,144.0,0.0,0.0,0.0,0.0,0.0,0.0,0.0,0.0,0.0,0.0,0.0,0.0,19.245918394991897,18.443646693485356,19.952865486863594
cologne8,variable,lightgpt_direct,20,8.173895497167793,7.949445933802824,8.403931720475288,23.043958333333332,22.133744791666665,23.935015625000005,6.200214250380243,6.138239722955809,6.261088065607816,1999.3,1991.5,2006.95,0.0,0.0,0.0,0.0,0.0,0.0,73.7,66.0,81.5,41.7125,41.46875,41.94375,1.0,1.0,1.0,0.23973958333333328,0.2358072916666666,0.2436197916666667,0.9935677083333333,0.9926822916666665,0.9944010416666667,0.006432291666666666,0.005598958333333333,0.007317708333333334,19.845775984984357,19.192725401486676,20.498727361611962
cologne8,variable,lightgpt_review,20,3.399513496128475,3.3111306258809456,3.491587526384209,16.035208333333333,15.646848958333333,16.445843749999995,6.911772862226103,6.863600911347775,6.956149730310113,2005.0,1997.44875,2012.5,0.0,0.0,0.0,0.0,0.0,0.0,67.0,62.0,71.9,58.8125,58.46875,59.1625,1.0,1.0,1.0,0.0,0.0,0.0,0.9673958333333333,0.9659895833333332,0.9689062500000001,0.03260416666666666,0.031093749999999996,0.03403645833333334,20.157195469987347,19.4875113483498,20.807537939378964
cologne8,variable,max_pressure,20,9.710301780557176,9.558453167560971,9.862933289149604,26.08104166666667,25.480208333333334,26.694171875000002,5.91325964096553,5.859884785312337,5.965955132801721,1999.5,1991.6,2007.0512499999998,0.0,0.0,0.0,0.0,0.0,0.0,83.5,75.0,92.3,47.125,46.76875,47.45,0.0,0.0,0.0,0.0,0.0,0.0,0.0,0.0,0.0,0.0,0.0,0.0,23.647102844988694,22.82590199797647,24.41564377361705
cologne8,variable,ppo_ensemble,20,3.399513496128475,3.3129005077725595,3.490116002830236,16.035208333333333,15.644369791666664,16.446875,6.911772862226103,6.864925192982154,6.956254293057876,2005.0,1997.35,2012.6,0.0,0.0,0.0,0.0,0.0,0.0,67.0,61.9975,71.8,58.8125,58.46875,59.175,0.0,0.0,0.0,0.0,0.0,0.0,0.0,0.0,0.0,0.0,0.0,0.0,20.277880504977656,19.407761104221574,21.2224809154871
moscow,high,ergs_no_calibration,20,56.95554111564917,52.872074349634076,60.629059528395594,445.4752083333333,409.78390625,480.8925625000001,4.037464476632563,3.7921366646340506,4.313969286548929,1310.35,1237.64875,1385.3024999999998,109.3,92.85,125.8,0.0,0.0,0.0,20.8,18.5,23.7,56.79999999999999,56.40000000000001,57.21500000000001,0.02083333333333333,0.02083333333333333,0.02083333333333333,0.0,0.0,0.0,0.0,0.0,0.0,1.0,1.0,1.0,43.61030530498829,36.23601735387492,50.93274910258956
moscow,high,ergs_no_event,20,56.95554111564917,52.89923337755282,60.667828239364006,445.4752083333333,409.46441666666664,480.5135208333332,4.037464476632563,3.792771355389068,4.305361736316041,1310.35,1238.0,1385.1012499999997,109.3,93.09875,125.7,0.0,0.0,0.0,20.8,18.5,23.7,56.79999999999999,56.404999999999994,57.205124999999995,1.0,1.0,1.0,0.0,0.0,0.0,0.0,0.0,0.0,1.0,1.0,1.0,130.1777136849938,105.29834092911987,156.50291238100513
moscow,high,ergs_no_guard,20,56.95554111564917,52.92147777992837,60.59616193685405,445.4752083333333,408.66565625000004,480.5655572916666,4.037464476632563,3.7906688163092874,4.307536869500999,1310.35,1239.79875,1384.35,109.3,93.05,125.65,0.0,0.0,0.0,20.8,18.5,23.7,56.79999999999999,56.39000000000001,57.21,0.02083333333333333,0.02083333333333333,0.02083333333333333,0.0,0.0,0.0,0.0,0.0,0.0,1.0,1.0,1.0,41.70545032499358,34.80639114186764,48.79498912172814
moscow,high,ergs_no_hysteresis,20,56.95554111564917,52.79808264054431,60.67559311323592,445.4752083333333,409.3108125,480.29018749999983,4.037464476632563,3.791387479815732,4.312942181452774,1310.35,1238.44875,1384.25,109.3,93.15,125.7,0.0,0.0,0.0,20.8,18.5,23.7,56.79999999999999,56.4,57.209999999999994,0.02083333333333333,0.02083333333333333,0.02083333333333333,0.0,0.0,0.0,0.0,0.0,0.0,1.0,1.0,1.0,43.411387504992305,36.21815872924286,50.65274630073093
moscow,high,ergs_v2,20,56.95554111564917,52.806619964054065,60.676402837990636,445.4752083333333,409.6878385416667,480.54020312499995,4.037464476632563,3.788421219068746,4.312127085472741,1310.35,1238.64875,1385.15,109.3,92.8,125.5,0.0,0.0,0.0,20.8,18.5,23.7,56.79999999999999,56.39000000000001,57.21,0.02083333333333333,0.02083333333333333,0.02083333333333333,0.0,0.0,0.0,0.0,0.0,0.0,1.0,1.0,1.0,43.421527265012266,36.844949216649404,49.99557503476928
moscow,high,fixed,20,53.528621901568954,49.58295025180427,57.4494006739835,403.6408333333333,368.77809375000004,438.63515625,4.266793250707772,4.025850035162201,4.516529709457195,1408.6,1330.85,1485.3,94.9,82.0,109.25,0.0,0.0,0.0,21.6,18.5,25.0,159.0,159.0,159.0,0.0,0.0,0.0,0.0,0.0,0.0,0.0,0.0,0.0,0.0,0.0,0.0,41.801912080001784,36.10801042499865,47.17514162925057
moscow,high,lightgpt_direct,20,54.847160391747515,50.94910382701644,58.275178222033226,413.64187499999997,377.52731250000005,448.458359375,4.186651549334295,3.934714771694745,4.4835590622410075,1405.25,1331.0987499999999,1488.0024999999998,95.55,83.8,106.1,0.0,0.0,0.0,25.1,22.7,27.4,54.295,53.44499999999999,55.11,1.0,1.0,1.0,0.18002083333333335,0.17293750000000002,0.18702083333333333,0.9176666666666666,0.9088958333333332,0.9266046875,0.08233333333333334,0.07349947916666665,0.0911875,42.27903434001492,35.789833255001135,48.68723527216294
moscow,high,lightgpt_review,20,56.95554111564917,52.930387386070194,60.66433101244225,445.4752083333333,409.08104166666664,480.5339479166667,4.037464476632563,3.7924385394419895,4.313529099856005,1310.35,1239.15,1384.8,109.3,93.35,125.6,0.0,0.0,0.0,20.8,18.5,23.7,56.79999999999999,56.395,57.210000000000015,1.0,1.0,1.0,0.0,0.0,0.0,0.9315208333333335,0.9243119791666667,0.9390208333333334,0.06847916666666666,0.06100000000000001,0.07597916666666667,43.52899656501249,36.944549916141405,50.20019963414088
moscow,high,max_pressure,20,52.97864457910184,49.24305755683618,56.74991761499689,410.4322916666667,375.54171875000003,445.2247135416666,4.10342852981328,3.893594531966049,4.329772529780592,1411.35,1336.25,1489.75,92.05,78.25,106.5,0.0,0.0,0.0,27.2,24.6,29.9,50.589999999999996,50.135000000000005,51.010000000000005,0.0,0.0,0.0,0.0,0.0,0.0,0.0,0.0,0.0,0.0,0.0,0.0,46.87877751000342,39.65771901851112,53.69613998386746
moscow,high,ppo_ensemble,20,56.95554111564917,52.88714768559864,60.66932157664721,445.4752083333333,408.84766666666667,479.98668749999996,4.037464476632563,3.7932327946742146,4.309109855069052,1310.35,1236.99875,1384.05,109.3,93.45,125.95,0.0,0.0,0.0,20.8,18.5,23.7,56.79999999999999,56.39,57.21,0.0,0.0,0.0,0.0,0.0,0.0,0.0,0.0,0.0,0.0,0.0,0.0,42.850794684985885,36.10361694008345,49.634090290861494
moscow,low,ergs_no_calibration,20,7.515372316638777,6.880405445429975,8.28739025308699,10.938125,10.485203124999998,11.448958333333332,10.709523707302832,10.604277333219155,10.799988321829947,644.15,641.9,646.2,1.2,0.5,2.0,0.0,0.0,0.0,2.2,1.4,3.0,39.345000000000006,39.175,39.52,0.02083333333333333,0.02083333333333333,0.02083333333333333,0.0,0.0,0.0,0.0,0.0,0.0,1.0,1.0,1.0,32.54498340500868,29.004282787261765,36.03042760511132
moscow,low,ergs_no_event,20,7.515372316638777,6.882949863286231,8.279493516423429,10.938125,10.484374999999998,11.448338541666667,10.709523707302832,10.607519085325473,10.800465609756651,644.15,641.95,646.1512499999999,1.2,0.5,2.05,0.0,0.0,0.0,2.2,1.4,3.1,39.345000000000006,39.17000000000001,39.52,1.0,1.0,1.0,0.0,0.0,0.0,0.0,0.0,0.0,1.0,1.0,1.0,146.14417940000422,124.506449173375,170.3593192605108
moscow,low,ergs_no_guard,20,7.515372316638777,6.881941953629314,8.2561766191928,10.938125,10.48665625,11.448348958333332,10.709523707302832,10.603898623289563,10.79996385438409,644.15,641.85,646.2,1.2,0.5,2.0,0.0,0.0,0.0,2.2,1.4,3.0,39.345000000000006,39.175000000000004,39.52,0.02083333333333333,0.02083333333333333,0.02083333333333333,0.0,0.0,0.0,0.0,0.0,0.0,1.0,1.0,1.0,31.3877579550026,27.649455834891704,35.05512991198819
moscow,low,ergs_no_hysteresis,20,7.515372316638777,6.878988838341915,8.267255297312232,10.938125,10.492291666666665,11.459593749999998,10.709523707302832,10.606094186681236,10.800385687755453,644.15,641.9,646.2,1.2,0.5,2.05,0.0,0.0,0.0,2.2,1.4,3.0,39.345000000000006,39.175000000000004,39.52,0.02083333333333333,0.02083333333333333,0.02083333333333333,0.0,0.0,0.0,0.0,0.0,0.0,1.0,1.0,1.0,33.17062873998657,29.2668289028648,36.93829253174699
moscow,low,ergs_v2,20,7.515372316638777,6.880987455326786,8.252269343498384,10.938125,10.484364583333333,11.457505208333332,10.709523707302832,10.602490154895746,10.800471602097106,644.15,641.9,646.2,1.2,0.5,2.05,0.0,0.0,0.0,2.2,1.4,3.0,39.345000000000006,39.175000000000004,39.52,0.02083333333333333,0.02083333333333333,0.02083333333333333,0.0,0.0,0.0,0.0,0.0,0.0,1.0,1.0,1.0,32.9091516799992,29.408110730504124,36.25151406675941
moscow,low,fixed,20,3.7679270864688057,3.3425909974930827,4.302772847814777,8.610624999999997,8.368333333333334,8.884390624999995,11.217852439370382,11.145231616647463,11.280464070545282,647.65,646.15,649.15,0.45,0.1,0.9,0.0,0.0,0.0,3.8,2.6,5.1,159.0,159.0,159.0,0.0,0.0,0.0,0.0,0.0,0.0,0.0,0.0,0.0,0.0,0.0,0.0,31.249653890018816,28.349627926378744,33.976185710893326
moscow,low,lightgpt_direct,20,7.630580417212005,7.241487907072492,8.125299415667287,11.348541666666666,11.011869791666667,11.731458333333332,10.613043082412485,10.550416031449473,10.671839950954503,644.85,643.35,646.4,0.75,0.2,1.55,0.0,0.0,0.0,3.2,2.0,4.4,38.475,38.37500000000001,38.574999999999996,1.0,1.0,1.0,0.022187500000000002,0.02047916666666667,0.023958333333333335,0.9980625,0.9977291666666666,0.9983958333333336,0.0019375,0.0016041666666666665,0.0022708333333333335,31.227945660002298,28.062610654498712,34.294007667384285
moscow,low,lightgpt_review,20,7.515372316638777,6.870101809911773,8.279753334855117,10.938125,10.492489583333333,11.451057291666663,10.709523707302832,10.603416209488525,10.800971998797346,644.15,641.95,646.15,1.2,0.5,2.05,0.0,0.0,0.0,2.2,1.4,3.0,39.345000000000006,39.17999999999999,39.519999999999996,1.0,1.0,1.0,0.0,0.0,0.0,0.9981875,0.9978541666666667,0.9985000000000002,0.0018124999999999994,0.0015,0.0021458333333333334,30.95119663500227,27.466416339382995,34.33416243473009
moscow,low,max_pressure,20,9.470827953472018,9.052673496511213,9.933183636811856,13.154583333333331,12.816244791666668,13.495838541666666,10.26972440283274,10.205595700235094,10.332866137708866,642.55,640.75,644.3,0.65,0.2,1.15,0.0,0.0,0.0,2.8,1.6,4.1,39.5,39.36999999999999,39.635,0.0,0.0,0.0,0.0,0.0,0.0,0.0,0.0,0.0,0.0,0.0,0.0,36.52964400999481,33.090447311372415,39.56182063101762
moscow,low,ppo_ensemble,20,7.515372316638777,6.881721782290463,8.270940973460519,10.938125,10.487083333333334,11.453968749999996,10.709523707302832,10.604526206302697,10.800187985627122,644.15,641.9,646.2,1.2,0.5,2.05,0.0,0.0,0.0,2.2,1.4,3.0,39.345000000000006,39.17500000000001,39.525,0.0,0.0,0.0,0.0,0.0,0.0,0.0,0.0,0.0,0.0,0.0,0.0,32.27025719000376,29.4110420176381,34.933952171371786
moscow,nominal,ergs_no_calibration,20,10.600096426472977,8.118102316596405,14.182118092056871,31.067708333333332,26.137682291666668,39.087765625,10.013008071168898,9.612184917060567,10.300314395902364,1445.5,1421.65,1461.55,6.75,3.95,10.5,0.0,0.0,0.0,11.8,10.1,13.5,46.92,46.64000000000001,47.18000000000001,0.02083333333333333,0.02083333333333333,0.02083333333333333,0.0,0.0,0.0,0.0,0.0,0.0,1.0,1.0,1.0,34.90650322500151,30.77563084536858,38.90938659176711
moscow,nominal,ergs_no_event,20,10.600096426472977,8.136396566130008,14.247950409294019,31.067708333333332,26.08518229166667,39.01250520833334,10.013008071168898,9.610216133520117,10.30362769817224,1445.5,1421.94875,1461.75,6.75,3.95,10.5,0.0,0.0,0.0,11.8,10.1,13.4,46.92,46.644999999999996,47.18000000000001,1.0,1.0,1.0,0.0,0.0,0.0,0.0,0.0,0.0,1.0,1.0,1.0,137.60879181499476,123.46824287936616,150.59375715248825
moscow,nominal,ergs_no_guard,20,10.600096426472977,8.118893632295082,14.143184230315713,31.067708333333332,26.112265625,39.13085416666666,10.013008071168898,9.601852677226201,10.303431100604763,1445.5,1421.8,1461.7512499999998,6.75,3.95,10.45,0.0,0.0,0.0,11.8,10.1,13.5,46.92,46.644999999999996,47.18,0.02083333333333333,0.02083333333333333,0.02083333333333333,0.0,0.0,0.0,0.0,0.0,0.0,1.0,1.0,1.0,34.051680755021515,30.029642163272655,37.90943059015015
moscow,nominal,ergs_no_hysteresis,20,10.600096426472977,8.112602124976299,14.154978814994383,31.067708333333332,26.09748958333334,39.25165104166665,10.013008071168898,9.61182756753337,10.30241859635395,1445.5,1422.25,1461.6,6.75,3.95,10.55,0.0,0.0,0.0,11.8,10.1,13.5,46.92,46.644999999999996,47.184999999999995,0.02083333333333333,0.02083333333333333,0.02083333333333333,0.0,0.0,0.0,0.0,0.0,0.0,1.0,1.0,1.0,34.98016678999993,31.01451723464561,38.727327294746054
moscow,nominal,ergs_v2,20,10.600096426472977,8.140315890975192,14.123083287300492,31.067708333333332,26.097265625000002,39.07033854166666,10.013008071168898,9.605800228565178,10.304669310392697,1445.5,1422.4,1461.7,6.75,3.95,10.45,0.0,0.0,0.0,11.8,10.1,13.5,46.92,46.64,47.18,0.02083333333333333,0.02083333333333333,0.02083333333333333,0.0,0.0,0.0,0.0,0.0,0.0,1.0,1.0,1.0,34.28023116500699,30.282539127381167,38.12299339540492
moscow,nominal,fixed,20,9.314898916896619,6.316220485725554,13.415906025893905,30.528958333333332,24.641614583333336,39.789859374999985,10.104767394416092,9.6339235771157,10.452304940469437,1450.4,1432.35,1463.6,6.15,3.25,10.20124999999989,0.0,0.0,0.0,11.4,10.1,12.8,159.0,159.0,159.0,0.0,0.0,0.0,0.0,0.0,0.0,0.0,0.0,0.0,0.0,0.0,0.0,31.639741679996952,28.28053864376212,34.94027499923715
moscow,nominal,lightgpt_direct,20,13.043652040710668,10.528506355647561,15.916469084349279,34.68625000000001,31.02539583333333,38.775859375,9.623070439816704,9.312189210987015,9.899686367524374,1443.9,1428.9,1457.25,7.85,5.45,10.35,0.0,0.0,0.0,10.2,8.8,11.7,42.95,42.725,43.18,1.0,1.0,1.0,0.07918750000000001,0.07608333333333332,0.08210416666666667,0.992625,0.9921875,0.9930416666666668,0.007375,0.006937500000000002,0.0078125,34.94085279001156,31.107050922747877,38.57792840876951
moscow,nominal,lightgpt_review,20,10.600096426472977,8.119954456809921,14.185333420286506,31.067708333333332,26.126223958333334,39.01276041666666,10.013008071168898,9.603758727228987,10.302855544049565,1445.5,1422.6,1461.75,6.75,4.0,10.45,0.0,0.0,0.0,11.8,10.1,13.5,46.92,46.644999999999996,47.185,1.0,1.0,1.0,0.0,0.0,0.0,0.9918958333333332,0.9900208333333331,0.9930416666666666,0.008104166666666666,0.006958333333333333,0.009979166666666667,34.42353696003556,30.85544765865052,37.80894032428929
moscow,nominal,max_pressure,20,13.048839578038496,11.461864349496903,14.767991651967888,38.70249999999999,36.27769791666666,41.22271875,9.250903152012249,9.069868324064851,9.427113101415177,1442.9,1431.1,1453.35,5.2,3.25,7.3,0.0,0.0,0.0,12.6,10.6,14.6,42.875,42.62000000000001,43.1,0.0,0.0,0.0,0.0,0.0,0.0,0.0,0.0,0.0,0.0,0.0,0.0,36.917347064981,33.006435770228855,40.688506253857916
moscow,nominal,ppo_ensemble,20,10.600096426472977,8.110841548212434,14.13533403398765,31.067708333333332,26.105822916666668,39.028177083333304,10.013008071168898,9.610294627392744,10.304409222306129,1445.5,1422.5,1461.6012499999997,6.75,3.95,10.4,0.0,0.0,0.0,11.8,10.1,13.5,46.92,46.64,47.18000000000001,0.0,0.0,0.0,0.0,0.0,0.0,0.0,0.0,0.0,0.0,0.0,0.0,34.389298735000196,31.20299812525409,37.40554691937155
moscow,variable,ergs_no_calibration,20,19.760957063658008,17.297074446959904,22.089247578268253,84.19520833333333,76.11435416666666,91.73837499999999,8.19111903567114,7.943516007360217,8.444812393544444,1605.3,1571.14875,1644.05,15.65,12.5,18.7,0.0,0.0,0.0,14.4,12.1,16.8,50.260000000000005,49.925,50.605000000000004,0.02083333333333333,0.02083333333333333,0.02083333333333333,0.0,0.0,0.0,0.0,0.0,0.0,1.0,1.0,1.0,40.597328220005146,35.18850062025173,46.05189362538525
moscow,variable,ergs_no_event,20,19.760957063658008,17.273615295555878,22.073319455714973,84.19520833333333,75.96683854166668,91.75620312499998,8.19111903567114,7.941181346805495,8.453164786496279,1605.3,1570.3487499999999,1643.55,15.65,12.5,18.7,0.0,0.0,0.0,14.4,12.1,16.8,50.260000000000005,49.925,50.61,1.0,1.0,1.0,0.0,0.0,0.0,0.0,0.0,0.0,1.0,1.0,1.0,126.43235992499395,110.89925343598166,141.22910316999372
moscow,variable,ergs_no_guard,20,19.760957063658008,17.306068223165376,22.096286812454448,84.19520833333333,76.08808854166666,91.747125,8.19111903567114,7.946738892300976,8.449378916816206,1605.3,1570.25,1644.75,15.65,12.45,18.75,0.0,0.0,0.0,14.4,12.1,16.8,50.260000000000005,49.925000000000004,50.60999999999999,0.02083333333333333,0.02083333333333333,0.02083333333333333,0.0,0.0,0.0,0.0,0.0,0.0,1.0,1.0,1.0,34.949160725006365,30.779496552377093,39.177444218370056
moscow,variable,ergs_no_hysteresis,20,19.760957063658008,17.32269263690997,22.10989065859652,84.19520833333333,76.03999479166666,91.72065624999999,8.19111903567114,7.94634371539159,8.448473164434896,1605.3,1570.5987499999999,1643.7,15.65,12.5,18.7,0.0,0.0,0.0,14.4,12.1,16.8,50.260000000000005,49.925,50.61,0.02083333333333333,0.02083333333333333,0.02083333333333333,0.0,0.0,0.0,0.0,0.0,0.0,1.0,1.0,1.0,39.19860595500795,33.65497880514566,44.500237363499465
moscow,variable,ergs_v2,20,19.760957063658008,17.305554749703298,22.076348384346694,84.19520833333333,75.92336979166666,91.752625,8.19111903567114,7.944318283030414,8.447900623771835,1605.3,1571.1,1643.6012499999997,15.65,12.55,18.7,0.0,0.0,0.0,14.4,12.1,16.8,50.260000000000005,49.925,50.605000000000004,0.02083333333333333,0.02083333333333333,0.02083333333333333,0.0,0.0,0.0,0.0,0.0,0.0,1.0,1.0,1.0,37.33894239501679,32.41484313339257,42.022091658255526
moscow,variable,fixed,20,17.319193547930603,15.06099863353274,19.60613677292062,81.99854166666668,73.13203125,91.61570833333332,8.2956413861406,8.011767491898137,8.550681273146273,1615.0,1581.65,1651.15,14.05,10.95,17.5,0.0,0.0,0.0,15.0,12.7,17.5,159.0,159.0,159.0,0.0,0.0,0.0,0.0,0.0,0.0,0.0,0.0,0.0,0.0,0.0,0.0,36.14737156000338,32.49786092863564,39.57665104462736
moscow,variable,lightgpt_direct,20,22.313031555114947,18.818437904098438,25.9562818174533,96.40229166666667,81.89768749999999,113.86917708333331,7.83818704447071,7.473584517450903,8.1756596369637,1578.25,1512.35,1641.0,17.85,13.4,22.8,0.0,0.0,0.0,15.4,12.5,19.0,45.57000000000001,45.275,45.85000000000001,1.0,1.0,1.0,0.10114583333333334,0.09679166666666666,0.10533333333333335,0.9836666666666666,0.9805625000000001,0.9861875,0.01633333333333333,0.013875000000000002,0.019375,35.95578966499306,31.606886997362018,40.21641255574126
moscow,variable,lightgpt_review,20,19.760957063658008,17.301386120782087,22.061254048410962,84.19520833333333,75.97489583333332,91.73509895833332,8.19111903567114,7.941444516692758,8.448105564128081,1605.3,1570.9,1643.2,15.65,12.55,18.7,0.0,0.0,0.0,14.4,12.1,16.8,50.260000000000005,49.92999999999999,50.61,1.0,1.0,1.0,0.0,0.0,0.0,0.9852500000000001,0.9836875,0.9866458333333332,0.01475,0.01335416666666667,0.0163125,35.79381992499693,31.69156884323107,39.56462454259453
moscow,variable,max_pressure,20,22.256976529722117,19.596590811500185,25.044187546692246,99.10645833333334,89.39853125,109.58690624999998,7.528620442417504,7.277047688534787,7.764670136480228,1590.6,1551.15,1631.25,15.75,12.35,19.4,0.0,0.0,0.0,15.9,13.0,19.2,45.145,44.82000000000001,45.50500000000001,0.0,0.0,0.0,0.0,0.0,0.0,0.0,0.0,0.0,0.0,0.0,0.0,41.34322502500727,36.548301506768624,45.84413568612493
moscow,variable,ppo_ensemble,20,19.760957063658008,17.323543046997823,22.097539333220027,84.19520833333333,76.16406770833332,91.87503124999999,8.19111903567114,7.9416731555857565,8.452276150424288,1605.3,1570.6,1643.8,15.65,12.5,18.75,0.0,0.0,0.0,14.4,12.1,16.8,50.260000000000005,49.925,50.605,0.0,0.0,0.0,0.0,0.0,0.0,0.0,0.0,0.0,0.0,0.0,0.0,36.23372634499101,31.87829523335924,40.231265595133735
